Count,Period,Shipments,Costco,Share,A_National,F_National,Nprice,A_Drug,F_Drug,DrugP,A_Channel,F_Channel,ChannelP,A_Conventional,F_Conventional,ConvtP,A_Discount,F_Discount,DISCTP,A_Alberta,F_Alberta,A_BC,F_BC,A_MAN+SASK,F_MAN+SASK,A_MARITIMES,F_Maritimes,A_Ontario,F_Ontario,A_Quebec,F_Quebec,A_TL_West,F_TL_WEST,GB,GB_MM_Price, GDP ,,,Count,,,L29BPT,L31BPT,L38BPT,L36BT,L3045BPT,L45BPT,A_L3029BT,F_BT29,A_L31BT,F_BT31,A_31BUV,F_BUV31,L29BPU,L31BPU,L38BPU,L36BPU,L41BPU,L45BPU,,Pulse4,SP119,SP120,SP121,Pulse145,Pulse146,Pulse148
1,Dec/17/2011,,,,431023,431023,5.623333333,126955,126955,6.38,304067,282174.47,5.313333333,201771,201771,6.33,229253,229253,5.076666667,59134,59134,45315,43656.95,34206,34206,27203,27203,184278,184278,80886,80886,142404,142404,304067,5.313333333,1560774,,,1,,,7.05,8.03,7.98,5.57,34.23,3.75,223611,223611,90883,90883,120319,120319,5.12,6.06,4.76,3.74,8.12,3.6,,0,0,0,0,0,0,0
2,Dec/24/2011,,,,501365,478255.72,5.51,148966,148966,6.24,352401,329661.84,5.196666667,225050,225050,6.256666667,276317,259307.08,4.96,62328,61294.89,53994,50400.45,37275,35511.7,37862,34102.98,227467,211033.16,82442,80129.08,150244,148633.02,352401,5.196666667,1560912,,,2,,,7.22,8.16,8.08,5.88,34.47,3.87,244296,235898.3546,101303,96976.14908,140695,129453.4084,4.94,5.87,4.63,3.47,8.17,3.6,,0,0,0,0,0,0,0
3,Dec/31/2011,,,,395611,400732.55,5.643333333,132005,132005,6.253333333,263607,282502.99,5.356666667,187718,211520.92,6.323333333,207894,242989.9,5.096666667,58187,57768.57,44353,47021.78,32543,34047.07,21440,22434.61,165302,167931.15,73790,78382.35,135642,141656.77,263607,5.356666667,1560543,,,3,,,7.11,8.03,7.97,5.61,34,3.79,203077,206781.0247,87127,91931.7648,116485,125517.5237,5.23,6.01,4.91,4,8.06,3.55,,0,0,0,0,0,0,0
4,Jan/07/2012,186487.876,8820,0.0472953,424440,430331.97,5.573333333,129364,129364,6.43,295076,282667.24,5.21,224528,199205.32,6.076666667,199913,189255.91,5.193333333,60226,57148.44,44354,43314.12,31887,31988.9,23884,25185.85,182223,185324.98,81865,76817.61,135539,130409.25,295076,5.21,1559810,,,4,,,7.07,8.1,7.75,5.47,34.22,3.8,215348,219655.2889,92262,86269.19418,129156,114896.1521,5.2,5.78,5.07,4.11,8.11,3.62,,1,0,0,0,0,0,0
5,Jan/14/2012,292086,7380,0.025266531,428698,420083.18,5.573333333,126227,126227,6.41,302470,282831.5,5.23,226669,233290.33,6.076666667,202028,195900.95,5.186666667,57773,58849.15,44324,43272.45,32445,31459.63,25362,23515.62,183151,179219.98,85643,80921.88,132036,133478.63,302470,5.23,1558857,,,5,,,7.05,8.09,7.7,5.42,34.74,3.77,220375,213828.4889,92828,90667.71702,128720,125454.5347,5.23,5.83,5.13,4.12,8.25,3.6,,0,0,0,0,0,0,0
6,Jan/21/2012,457524.032,1800,0.00393422,389343,423783.87,5.696666667,119816,119816,6.4,269527,282995.75,5.39,194804,205607.76,6.293333333,194539,197722.26,5.216666667,54188,56825.08,41874,42936.45,32040,31909.83,22355,24643.65,160552,180005.62,78334,83981.33,127156,130530.3,269527,5.39,1557833,,,6,,,6.97,7.86,7.87,5.49,34.39,3.76,208916,218146.9151,86476,91164.98114,111631,125113.3684,5.3,6.09,5.02,4.14,8.15,3.6,,0,0,0,0,0,0,0
7,Jan/28/2012,518692,9180,0.017698364,391684,389579.84,5.66,121036,121036,6.346666667,270648,283160.01,5.333333333,191734,196058.35,6.313333333,199949,191501.13,5.113333333,53306,53862.37,42573,43550.78,30785,31583.07,20651,22348.67,168675,160873.34,75693,78062.45,127158,126417.1,270648,5.333333333,1556887,,,7,,,6.86,7.85,7.82,5.06,34.26,3.76,211208,208303.1024,82474,85755.28362,106773,110923.8626,5.14,6.06,5.01,3.68,8.12,3.56,,0,0,0,0,0,0,0
8,Feb/04/2012,426440,12960,0.030391145,408554,391614.43,5.626666667,124620,124620,6.413333333,283935,283324.26,5.286666667,195147,192873.69,6.35,213406,196081.7,5.08,55346,53140.98,46047,44692.78,31776,30570.51,22014,21048.15,175464,167750.26,77908,75923.75,132708,126433.79,283935,5.286666667,1556169,,,8,,,6.79,7.82,7.93,4.88,34.33,3.74,219895,210272.0368,86541,82352.14288,111100,106905.4396,5.07,6.09,4.89,3.49,8.14,3.58,,0,0,0,0,0,0,0
9,Feb/11/2012,443520,16200,0.036525974,397968,406276.41,5.633333333,127613,127613,6.34,270355,283488.52,5.3,195306,193739.7,6.273333333,202660,207400.88,5.086666667,54557,54842.51,43834,43471.12,30583,31370.07,21911,22088.41,167809,173497.82,79274,77717.47,128627,131143.75,270355,5.3,1555822,,,9,,,6.92,7.9,7.98,5.13,34.24,3.72,210482,217734.5728,85781,85838.7497,111955,110525.0997,5.14,6.05,4.99,3.67,8.13,3.55,,0,0,0,0,0,0,0
10,Feb/18/2012,415911.592,11520,0.027698194,391526,397075.95,5.666666667,127203,127203,6.38,264325,283652.77,5.313333333,194820,194761.47,6.326666667,196708,198452.31,5.1,52685,54198.24,41598,41651.45,29429,30407.53,21210,22009.8,169538,167017.1,77070,78823.67,123388,127706.47,264325,5.313333333,1555898,,,10,,,7.05,7.96,7.97,5.32,34.43,3.83,204978,209648.3691,84865,85203.80348,111608,111257.5061,5.21,6.05,4.93,3.83,8.16,3.64,,0,0,0,0,0,0,0
11,Feb/25/2012,362560,23940,0.06603045,379437,391477.11,5.67,123814,123814,6.42,255623,252807.8,5.333333333,188567,194561.39,6.35,190870,193518.27,5.14,52031,52655.94,41030,41645.97,29701,29476.46,21812,21474.79,160265,168480.87,74600,77038.86,122829,123289.58,255623,5.333333333,1556368,,,11,,,7.08,7.93,7.95,5.35,34.4,3.77,197749,204920.1777,83580,84435.65605,109090,110990.3507,5.23,6.07,4.89,3.77,8.15,3.6,,0,0,0,0,0,0,0
12,Mar/03/2012,327598,8820,0.026923241,391082,393877.64,5.703333333,127234,127234,6.38,263849,252972.05,5.353333333,194769,191288.29,6.36,196313,188679.69,5.123333333,52373,52123.61,43562,43539.3,29239,29695.91,22711,21934.24,166864,166987.75,76337,75038.63,125441,122831.7,263849,5.353333333,1557204,,,12,,,7.03,8,7.98,5.37,34.01,3.71,206272,198710.1314,83882,83352.4365,110905,108917.8301,5.23,6.05,4.88,4,8.06,3.52,,0,0,0,0,0,0,0
13,Mar/10/2012,372513.948,5400,0.014496101,394377,394727.75,5.683333333,126804,126804,6.35,267574,253136.31,5.353333333,196310,192675.88,6.313333333,198067,193287.9,5.13,53084,52417.16,44440,43891.97,30100,29323.16,22756,22620.37,166815,168747.82,77185,76445.27,127832,125056.29,267574,5.353333333,1558375,,,13,,,6.98,8,7.84,5.3,34.1,3.77,209427,206031.7838,84035,83624.28319,110647,110448.5556,5.21,6.08,4.93,3.88,8.08,3.59,,0,0,0,0,0,0,0
14,Mar/17/2012,435523.924,27180,0.062407593,380467,381044.75,5.69,123622,123622,6.35,256845,253300.56,5.376666667,189556,195161.15,6.333333333,190911,194806.91,5.146666667,53603,53016.69,42682,42517.3,31191,30017.83,21074,22654.72,157100,159476.54,74821,77131.98,125986,127093.92,256845,5.376666667,1559782,,,14,,,7.03,8.01,7.9,5.45,34.56,3.84,201613,201495.3134,81490,83768.90563,107279,110255.4109,5.24,6.08,4.93,3.99,8.19,3.67,,0,0,0,0,0,0,0
15,Mar/24/2012,413800.784,8640,0.020879612,375817,381865.57,5.696666667,122829,122829,6.356666667,252988,253464.82,5.38,184464,192195.99,6.356666667,191352,201260.15,5.14,51733,53457.01,41218,42142.3,30409,30898.08,20418,21370.99,156768,157950.88,75272,75217.6,121936,125547.31,252988,5.38,1561252,,,15,,,6.97,7.92,7.84,5.45,34.41,3.81,203357,208254.7912,80990,88322.28847,104834,107476.0455,5.28,6.12,5.03,4.09,8.16,3.67,,0,0,0,0,0,0,0
16,Mar/31/2012,311866.01,2700,0.008657564,375430,377824.18,5.72,125381,125381,6.453333333,250048,253629.07,5.386666667,189502,187775.8,6.41,185928,190478.16,5.176666667,50897,51916.37,40590,41483.97,28537,30267.14,21011,20870.33,160399,157669.81,73997,75582.82,121162,122136.25,250048,5.386666667,1562603,,,16,,,6.97,7.96,7.69,5.51,34.66,3.86,203849,203527.6635,80974,82583.83441,104257,105464.2304,5.3,6.18,5.01,4.09,8.21,3.72,,0,0,0,0,0,0,0
17,Apr/07/2012,150532,6300,0.041851566,389841,377487.83,5.69,135434,135434,6.32,254407,253793.33,5.403333333,201445,188899.49,6.3,188396,184989.69,5.186666667,52100,52416.24,43041,43260.64,29115,28756.77,22276,21322.91,164717,160743.81,78592,74550.32,123339,121496.49,254407,5.403333333,1563656,,,17,,,6.86,7.95,7.7,5.37,34.31,3.73,211204,209505.9683,84207,81166.57338,109070,105005.8111,5.21,6.14,5.04,3.93,8.13,3.58,,0,0,0,0,0,0,0
18,Apr/14/2012,413770,9408,0.022737269,378800,390012.65,5.71,132154,132154,6.403333333,246648,253957.59,5.383333333,196754,196285.24,6.356666667,182047,178627.45,5.183333333,50336,51259.57,40839,41961.64,28166,29223.11,20409,22288.37,161787,164399.42,77264,78271.38,119800,123353.1,246648,5.383333333,1564279,,,18,,,6.96,7.9,7.81,5.56,34.63,3.77,203461,205496.0361,84012,78808.06328,108232,109029.6201,5.28,6.13,5.13,4.05,8.21,3.61,,0,0,0,0,0,0,0
19,Apr/21/2012,347312,5220,0.015029714,382522,380416.75,5.726666667,135947,135947,6.376666667,246575,254121.84,5.41,201035,197226.55,6.326666667,181487,181642.66,5.19,50295,50787.87,40673,42155.64,31417,32161.48,20719,20863.46,163551,161918.89,75866,77195.96,121510,120374.31,246575,5.41,1564538,,,19,,,6.94,8.01,7.74,5.55,34.72,3.64,206065,203617.0044,82793,83819.18093,107048,108354.1578,5.25,6.19,5.15,4.07,8.23,3.48,,0,0,0,0,0,0,0
20,Apr/28/2012,455610.398,7380,0.01619805,373985,383651.6,5.746666667,128607,128607,6.436666667,245378,254286.1,5.416666667,193567,198080.91,6.366666667,180419,181223.92,5.206666667,50119,50763.84,39430,42173.97,27169,28091.92,21023,21100.05,160253,163412.29,75996,73051.02,117806,121835.86,245378,5.416666667,1564548,,,20,,,7,8.06,7.75,5.53,34.72,3.82,200833,205853.9612,81578,82792.31574,105646,107390.968,5.29,6.22,5.07,4.04,8.23,3.63,,0,0,0,0,0,0,0
21,May/05/2012,532879.324,4680,0.008782476,384637,376231.96,5.753333333,134039,134039,6.46,250597,254450.35,5.453333333,202899,195513.54,6.4,181738,180379.77,5.236666667,51342,50627.87,41306,42534.97,28372,27653.03,21523,21332.07,161857,160620.21,80238,78608.93,119711,118717.49,250597,5.453333333,1564423,,,21,,,6.98,8.08,7.73,5.4,33.83,3.84,208380,201359.4304,83480,81768.86598,107537,106246.4933,5.3,6.27,5.1,3.99,8.02,3.64,,0,0,0,0,0,0,0
22,May/12/2012,540650,4224,0.007812818,377383,385489.78,5.713333333,127604,127604,6.353333333,249778,254614.61,5.433333333,195811,198137.04,6.32,181571,181534.51,5.21,50231,51651.94,39326,41251.97,28934,28623.64,22040,21713.68,157478,161978.15,79375,79604.32,118899,120344,249778,5.433333333,1564275,,,22,,,6.92,8.1,7.81,5.4,34.41,3.81,203883,207842.6536,80034,83406.87899,104330,107840.419,5.22,6.21,5.1,3.97,8.15,3.63,,0,0,0,0,0,0,0
23,May/19/2012,358235.82,3240,0.009044322,372899,379185.22,5.693333333,125213,125213,6.326666667,247685,254778.86,5.413333333,194518,197154.46,6.27,178380,181444.87,5.196666667,50366,50740.67,40493,42093.97,28187,30109.82,21305,22108.26,157423,158270.89,75125,78905.46,118883,119672.1,247685,5.413333333,1564198,,,23,,,7.01,8.12,7.7,5.63,33.95,3.84,199069,203979.5219,79154,80478.48105,104503,105194.9382,5.25,6.15,5.03,4.1,8.05,3.64,,0,0,0,0,0,0,0
24,May/26/2012,304204.112,6300,0.020709779,360822,375288.1,5.693333333,117633,117633,6.32,243189,254943.12,5.426666667,185026,185226.98,6.313333333,175798,178822.9,5.213333333,49972,50862.57,40275,42280.3,26539,27641.14,20858,21547.3,151569,158224.33,71610,75463.78,118712,119673.56,243189,5.426666667,1564276,,,24,,,6.91,8.07,7.57,5.67,34.38,3.77,194863,199844.0726,77264,79741.07236,101068,105360.2056,5.25,6.17,4.99,4.19,8.15,3.59,,0,0,0,0,0,0,0
25,June/02/2012,303262.232,3960,0.013058006,377346,364791.8,5.77,125046,125046,6.403333333,252299,255107.37,5.45,196520,194107.05,6.36,180823,176710.92,5.236666667,52902,50545.83,41901,42266.64,28273,27144.74,22881,21206.14,156555,153268.34,74835,72617.31,123867,119543.9,252299,5.45,1564590,,,25,,,6.85,8.03,7.69,5.64,33.99,3.75,207247,196230.9235,82342,78141.27117,105814,102525.1241,5.29,6.25,5.09,4.24,8.05,3.6,,0,0,0,0,0,0,0
26,June/09/2012,473058.116,4992,0.010552615,391106,379153.06,5.77,128734,128734,6.43,262372,255271.63,5.44,203740,195150.42,6.383333333,187366,180969.09,5.226666667,53650,52985.36,42821,41928.97,28955,28543.77,22715,22750.12,163832,157489.48,79133,75228.94,126180,123919.71,262372,5.44,1565222,,,26,,,6.9,8.04,7.65,5.66,33.98,3.74,213671,206869.354,85687,82491.12434,110887,106493.2171,5.32,6.21,5.17,4.26,8.05,3.61,,0,0,0,0,0,0,0
27,June/16/2012,484065.566,11160,0.023054728,398582,391112.09,5.783333333,136888,136888,6.356666667,261694,255435.89,5.476666667,213019,199374.22,6.336666667,185563,186498.45,5.243333333,55373,53615.56,43140,41544.3,28571,29094.02,23120,22623.43,169589,163650.18,78792,78709.49,126972,125891.37,261694,5.476666667,1566151,,,27,,,6.98,8.12,7.58,5.66,34.33,3.86,215167,212387.8681,87031,85361.2486,113790,110733.2376,5.33,6.21,5.13,4.24,8.14,3.7,,0,0,0,0,0,0,0
28,June/23/2012,527882.172,8100,0.015344333,399633,397609.59,5.726666667,139342,139342,6.266666667,260291,255600.14,5.463333333,212565,206024.87,6.27,187070,185038.8,5.24,55814,55054.24,43411,41813.64,28665,28784.2,23205,22932.53,170508,168524.05,78032,78433.34,128913,126576.35,260291,5.463333333,1567173,,,28,,,6.98,8.16,7.54,5.63,34.81,3.81,212744,213673.0015,86578,86522.8111,114778,113168.7245,5.27,6.15,5.04,4.16,8.25,3.61,,0,0,0,0,0,0,0
29,June/30/2012,528291.17,6264,0.011857098,411597,398523.03,5.69,143558,143558,6.246666667,268040,255764.4,5.42,217881,208357.89,6.263333333,193719,186350.98,5.183333333,56704,55429.88,43488,42133.97,29916,28860.04,24062,22997.4,174667,169302.07,82761,77817.89,130717,128233.31,268040,5.42,1568067,,,29,,,6.95,8.16,7.65,5.67,34.48,3.72,217813,211591.5321,88113,86149.99805,118482,114011.7314,5.22,6.07,5.05,4.17,8.17,3.58,,0,0,0,0,0,0,0
30,July/07/2012,451208,3456,0.007659439,411114,408921.13,5.66,141840,141840,6.193333333,269274,255928.65,5.41,214365,210901.18,6.213333333,196750,191969.1,5.176666667,56493,56177.84,45218,43747.64,30975,29869.38,23193,23651.47,170884,172823.08,84350,81647.46,131512,129774.38,269274,5.41,1568613,,,30,,,6.98,8.2,7.75,5.67,34.8,3.79,215539,215946.0382,86887,87474.64665,117728,117113.3157,5.18,6.05,5.15,4.02,8.25,3.6,,0,0,0,0,0,0,0
31,July/14/2012,592640,540,0.000911177,408248,408501.34,5.69,142976,142976,6.236666667,265271,256092.91,5.38,213024,210603.34,6.25,195224,194557.48,5.136666667,54995,56012.84,42757,43039.3,31297,30723.8,23119,22988.24,171036,169620.4,85043,82934.25,129935,130461.9,265271,5.38,1568657,,,31,,,6.98,8.25,7.77,5.6,34.73,3.73,213911,213992.5667,85736,86441.80449,116996,116507.7063,5.18,6.04,5.16,4.02,8.23,3.57,,0,0,0,0,0,0,0
32,July/21/2012,488594,3240,0.006631273,408886,406010.46,5.66,142682,142682,6.236666667,266203,256257.16,5.37,212262,208959.79,6.3,196624,193329.8,5.12,55959,54780.66,43820,42941.97,30681,30983.6,23128,22931.76,170091,169749.08,85209,83495.44,131390,129142.85,266203,5.37,1568323,,,32,,,7.06,8.26,7.8,5.73,33.73,3.76,211019,208362.8906,86631,85473.00138,118992,115920.3917,5.19,6.01,5.15,4.06,8,3.55,,0,0,0,0,0,0,0
33,July/28/2012,308190.032,3420,0.011097049,416755,406564.96,5.656666667,144983,144983,6.213333333,271773,256421.42,5.376666667,216282,208207.16,6.226666667,200474,194552.37,5.133333333,56506,55589.98,45640,44411.97,30926,30486.6,24470,22938.63,173075,168949.04,86139,83629.87,133444,130388.69,271773,5.376666667,1567803,,,33,,,7.03,8.14,7.81,5.77,34.2,3.77,216915,213744.43,90328,86251.18346,122341,117601.6335,5.23,6.01,5.29,4.1,8.11,3.56,,0,0,0,0,0,0,0
34,Aug/04/2012,530923.904,10176,0.019166589,429063,413404.02,5.683333333,149756,149756,6.276666667,279307,271468.42,5.386666667,219199,210014.87,6.293333333,209863,197826.59,5.146666667,58243,58004.23,47005,45641.3,29967,30684.27,23962,23962.86,183432,178278.63,86453,84382.99,134496,132141.24,279307,5.386666667,1567287,,,34,,,6.99,7.96,7.81,5.82,34.47,3.86,224643,219401.877,95967,89421.86431,126405,120408.0061,5.24,6.04,5.27,4.06,8.17,3.62,,0,0,0,0,0,0,0
35,Aug/11/2012,387087.964,10800,0.027900635,409785,424101.1,5.66,135259,135259,6.276666667,274528,271310.43,5.38,202454,212588.67,6.313333333,207331,205739.2,5.136666667,56128,57333.82,45302,45731.68,30365,29910.53,22137,23575.15,173690,174483.82,82164,84637.27,129809,133046.17,274528,5.38,1566959,,,35,,,6.99,7.86,7.9,5.88,33.23,3.8,214542,218181.9105,91595,94250.72955,119893,123808.9601,5.22,6,5.3,4,7.88,3.6,,0,0,0,0,0,0,0
36,Aug/18/2012,313356.07,8820,0.028146894,401081,407346.29,5.683333333,132606,132606,6.233333333,268476,256914.19,5.4,199679,204987.86,6.273333333,201403,203669.09,5.166666667,55088,54559.7,43803,44273.34,29172,30231.64,21966,22182.29,168636,171995.95,82418,81164.01,127484,129096.24,268476,5.4,1566860,,,36,,,6.94,7.79,7.87,5.88,33.44,3.76,211631,213136.0975,89618,90531.66285,116168,118415.0999,5.21,6.01,5.31,3.99,7.93,3.58,,0,0,0,0,0,0,0
37,Aug/25/2012,400212.146,6336,0.015831603,390074,399781.51,5.71,128225,128225,6.296666667,261849,257078.44,5.43,195449,198973.36,6.33,194626,198755.14,5.183333333,53329,54907.61,43738,43907.34,28342,29269.1,21770,22051.78,160217,167717.24,82679,81369.7,126432,127144.42,261849,5.43,1566910,,,37,,,6.98,7.75,7.85,5.87,32.99,3.78,205721,210635.4134,89250,88857.57637,114355,115338.8596,5.26,6.05,5.29,4.02,7.82,3.59,,0,0,0,0,0,0,0
38,Sep/01/2012,488082.672,8460,0.017333129,393318,390215.16,5.696666667,127230,127230,6.32,266088,257242.7,5.43,195466,196084.05,6.336666667,197852,193130.24,5.2,54146,53459.01,44125,44633.01,29108,28599.44,23085,21902.19,164023,160589.73,78829,81581.06,129184,126269.49,266088,5.43,1567026,,,38,,,7.01,7.79,7.79,5.91,33.22,3.77,208082,205558.4492,90572,88557.3409,115718,113852.6046,5.3,6.1,5.35,4.02,7.88,3.61,,0,0,0,0,0,0,0
39,Sep/08/2012,417750,6120,0.01464991,397716,393034.57,5.72,130138,130138,6.376666667,267578,257406.95,5.436666667,203047,194925.14,6.31,194670,195881.91,5.22,56949,54146.43,44504,44319.68,30136,29217.47,22640,22905.81,163580,163811.88,79912,78463.31,131909,128612.51,267578,5.436666667,1567128,,,39,,,6.96,7.81,7.8,5.94,34.05,3.77,212059,207586.6578,92722,89700.11862,118370,115007.4548,5.34,6.12,5.44,4.12,8.07,3.63,,0,0,0,0,0,0,0
40,Sep/15/2012,441574,4320,0.009783185,402974,427320.43,5.746666667,133611,133611,6.383333333,269363,257571.21,5.44,204262,198735.44,6.37,198712,212647.09,5.21,56401,60003.97,45391,44641.68,29855,30046.88,22596,22566.18,168907,178488.65,79825,92707.37,131211,137659.36,269363,5.44,1567194,,,40,,,6.99,7.92,7.78,5.93,34.41,3.76,213506,211003.0853,93231,91549.8874,120224,127423.4776,5.33,6.14,5.4,4.12,8.16,3.62,,0,0,0,0,0,0,0
41,Sep/22/2012,443255.152,8316,0.018761203,397735,425743.06,5.77,132110,132110,6.403333333,265626,265625.87,5.443333333,201464,201437.65,6.426666667,196273,212917.83,5.216666667,57042,59128.56,44543,45663.58,29367,30567.72,23033,28836.9,163240,174540.86,80511,86430.58,130034,131489.18,265626,5.443333333,1567370,,,41,,,7.03,8,7.79,5.93,34.52,3.8,211104,216956.2407,90813,97307.44966,118106,126739.322,5.36,6.15,5.49,4.18,8.18,3.65,,0,0,0,0,0,0,0
42,Sep/29/2012,373972,12240,0.032729723,398747,430967.49,5.743333333,133552,133552,6.373333333,265194,265193.87,5.453333333,203584,200368.41,6.333333333,195162,215043.13,5.23,56923,57668.45,44064,45541.58,28995,30483.52,22635,23393.03,165354,178683.72,80773,80916.67,130335,129046.15,265194,5.453333333,1567826,,,42,,,7.02,8,7.8,5.89,34.59,3.77,213028,219831.8403,90052,97643.44945,116932,127287.5155,5.36,6.16,5.47,4.18,8.2,3.63,,0,0,0,0,0,0,0
43,Oct/06/2012,500767.996,14040,0.028036935,407313,392728.55,5.7,134895,134895,6.286666667,272418,294079.4,5.46,209272,200660.41,6.286666667,198041,221787.57,5.22,57048,54716.47,44452,46147.01,29871,27786.78,22731,20225.46,168328,166539.15,84884,79160.81,130340,128415.3,272418,5.46,1568734,,,43,,,6.98,8.04,7.84,5.83,34.57,3.8,218441,226351.2072,90464,99339.01743,119168,125518.0643,5.34,6.1,5.5,4.26,8.19,3.66,,0,0,0,0,0,0,0
44,Oct/13/2012,471991.998,3780,0.00800861,390538,376709.29,5.76,129748,129748,6.346666667,260791,258228.23,5.473333333,200150,204100.85,6.346666667,190388,185064.35,5.253333333,55301,53893.65,43425,43093.58,28502,29833.07,21773,21309.61,161015,158903.74,80524,82621.48,127525,126813.06,260791,5.473333333,1570207,,,44,,,6.96,8.05,7.83,5.77,34.97,3.78,210440,204417.9655,87716,80519.9604,114694,106274.1659,5.37,6.16,5.56,4.25,8.29,3.66,,0,0,0,0,0,0,0
45,Oct/20/2012,555338.04,11880,0.021392376,395729,383866.89,5.75,129213,129213,6.35,266517,283565.77,5.46,202570,201091.5,6.366666667,193160,184884.05,5.22,54996,55163.95,44062,44771.34,28279,28728.53,22700,21904.48,164788,159920.32,80906,78298.64,125887,127299.07,266517,5.46,1571989,,,45,,,6.96,8.04,7.82,5.73,34.81,3.83,212586,206935.9586,89294,86012.86373,116652,112292.3715,5.36,6.16,5.53,4.23,8.25,3.71,,0,0,0,0,0,0,0
46,Oct/27/2012,434084,900,0.002073331,388365,381174.84,5.79,127892,127892,6.346666667,260474,258556.74,5.5,200049,199788.73,6.383333333,188315,164628.3,5.273333333,53445,54921.01,43241,43593.34,27722,28548.61,21167,22611.98,161592,154367.25,81201,80988.09,123921,125928.41,260474,5.5,1573688,,,46,,,6.94,8.03,7.81,5.75,34.49,3.77,210962,205999.8557,86363,83779.2913,112563,108853.2813,5.37,6.16,5.56,4.24,8.19,3.67,,0,0,0,0,0,0,0
47,Nov/03/2012,265118.256,3420,0.012899904,391304,388729.84,5.793333333,132727,132727,6.37,258578,258721,5.493333333,203927,199191.11,6.426666667,187378,202001.55,5.266666667,52893,53644.88,42525,42379.68,28062,28099.21,21880,21441.97,162760,168306.42,83182,79560.21,124604,124280.29,258578,5.493333333,1574912,,,47,,,7.06,8.1,7.8,5.73,34.24,3.89,210879,210060.7114,86495,86218.10963,113318,112555.0416,5.42,6.18,5.52,4.19,8.12,3.8,,0,0,0,0,0,0,0
48,Nov/10/2012,381885.84,7104,0.018602418,391328,391284.17,5.793333333,133809,133809,6.416666667,257519,258885.25,5.473333333,206052,200442.06,6.37,185277,190654.73,5.246666667,54172,54899.86,42527,43696.68,29433,28373.53,21890,21986.14,163660,163669.87,79646,79129.78,124475,127335.86,257519,5.473333333,1575278,,,48,,,6.99,8.04,7.88,5.72,34.85,3.78,211391,209989.4105,87843,86344.80113,113843,113204.2898,5.39,6.2,5.6,4.14,8.26,3.67,,0,0,0,0,0,0,0
49,Nov/17/2012,491255,5760,0.011725072,381630,391305.03,5.813333333,131626,131626,6.393333333,250006,259049.51,5.5,199657,202579.09,6.376666667,181973,173654.09,5.27,53908,52855.74,41398,42668.01,26764,29479.68,20334,21993.77,161989,158023.12,77237,79124.92,122203,122695.55,250006,5.5,1574809,,,49,,,7,8.12,7.74,5.7,34.78,3.88,205826,210429.2423,85272,87509.77905,110749,113662.2741,5.38,6.25,5.33,4.11,8.24,3.8,,0,0,0,0,0,0,0
50,Nov/24/2012,489237.04,7560,0.015452632,378125,382876.35,5.803333333,126136,126136,6.443333333,251990,259213.76,5.48,192282,199955.33,6.463333333,185844,183136.95,5.236666667,52566,51856.44,42092,40936.01,27837,27326.27,20327,20806.22,160425,162089.9,74880,77174.09,122307,122871.95,251990,5.48,1574012,,,50,,,6.97,8.1,7.68,5.7,34.68,3.88,204866,205648.6491,83895,85328.50332,109129,111110.7622,5.37,6.23,5.39,4.11,8.22,3.83,,0,0,0,0,0,0,0
51,Dec/01/2012,428864,13860,0.032317938,376398,379830.1,5.79,119555,119555,6.503333333,256844,259378.02,5.486666667,187138,194488.17,6.446666667,189259,186428.76,5.253333333,52598,53266.18,41300,41237.68,27419,28191.99,20980,20800.87,161824,160765.82,72278,75265.38,121789,122974.92,256844,5.486666667,1573421,,,51,,,6.93,8.05,7.72,5.66,34.56,3.88,203890,204823.9646,85052,84166.72922,109519,109785.0025,5.35,6.25,5.25,4.1,8.19,3.8,,0,0,0,0,0,0,0
52,Dec/08/2012,343924,8640,0.025121829,388483,378329.14,5.763333333,121055,121055,6.46,267430,259542.28,5.46,191531,189870.48,6.423333333,196954,189338.7,5.213333333,54266,54249.29,42480,41235.95,27442,27854.74,22384,21299.25,168165,161950.21,73746,73158.26,125491,122551.72,267430,5.46,1573573,,,52,,,6.94,8.05,7.72,5.73,34.75,3.82,208979,203985.5353,86609,85168.62103,112612,110130.7232,5.32,6.19,5.29,4.04,8.24,3.76,,0,0,0,0,0,0,0
53,Dec/15/2012,419105.532,9720,0.023192249,395425,388832.4,5.686666667,122281,122281,6.37,273144,259706.53,5.383333333,192258,190656.03,6.366666667,203169,195832.75,5.143333333,55003,54385.45,43365,42656.36,28502,27873.3,23864,24035.47,172460,167318.49,72233,74347.06,130424,125698.39,273144,5.383333333,1574763,,,53,,,7.08,8.04,7.81,5.85,34.49,3.89,206723,208357.2224,85852,86512.05442,113548,112724.2108,5.24,6.08,5.13,3.9,8.19,3.78,,0,0,0,0,0,0,0
54,Dec/22/2012,694937.368,7920,0.011396711,438016,447316.96,5.61,132298,128458.37,6.263333333,305717,307193.89,5.333333333,205451,192233.41,6.263333333,232567,240074.66,5.093333333,59324,58387.66,48506,49399.85,30801,30909.58,31168,31554.61,193100,201028.06,75120,73121.82,137998,139278.4,305717,5.333333333,1576661,,,54,,,7.22,8.14,7.94,6.08,34.56,3.91,216213,221390.7791,92080,93407.51479,125791,124935.7525,5.05,5.96,4.82,3.54,8.19,3.73,,0,0,0,0,0,0,0
55,Dec/29/2012,246577.778,8280,0.033579668,419494,430696.18,5.633333333,136187,136143.04,6.24,283306,260035.04,5.38,201221,199056.85,6.29,218273,208963.85,5.156666667,57811,55795.85,46819,46021.19,30297,28823.69,30088,31048.18,181549,187489.35,72928,72452.94,133904,132077.13,283306,5.38,1578833,,,55,,,7.23,8.25,7.94,6.04,34.8,3.98,205526,207676.5252,87155,84783.77474,122339,114236.6092,5.04,5.88,4.78,3.68,8.25,3.75,,0,0,0,0,0,0,0
56,Jan/05/2013,329222,15660,0.047566688,385857,377195.81,5.77,124155,124100.32,6.333333333,261702,260199.3,5.536666667,191224,200574.58,6.363333333,194632,200557.85,5.283333333,55469,57354.86,41967,42313.52,31357,30176.78,20985,21312.92,164036,157889.89,72043,76119.55,129019,129718.75,261702,5.536666667,1580848,,,56,,,7.05,8.09,7.81,5.71,34.87,3.95,202031,200265.6664,85340,87020.20705,113729,120877.2223,5.28,6.07,5.16,4.03,8.26,3.79,,0,0,0,0,0,0,0
57,Jan/12/2013,356633.956,18360,0.051481357,384449,386550.1,5.806666667,122257,124550.15,6.403333333,262193,260363.55,5.563333333,193365,194388.71,6.383333333,191084,194089.1,5.346666667,56373,55422.84,42250,42271.85,31410,31032.01,19949,21303.07,160043,163822.89,74426,72967.96,130082,128742.84,262193,5.563333333,1582315,,,57,,,7.07,7.97,7.84,5.82,34.65,3.92,202892,202388.568,87270,85484.44491,113139,113738.7026,5.34,6.14,5.2,4.08,8.21,3.75,,0,0,0,0,0,0,0
58,Jan/19/2013,471487.892,12240,0.02596037,388467,385326.38,5.776666667,127160,127846.39,6.34,261307,260527.81,5.546666667,197877,192704.39,6.296666667,190589,191168.18,5.32,56476,56182.4,43613,41935.85,30090,31074.77,20412,20512.38,164514,160442.42,73362,74897.73,129299,129657.07,261307,5.546666667,1583266,,,58,,,7.14,8.06,7.85,5.81,34.87,3.9,201854,203128.207,86333,87146.36583,114890,113269.4727,5.32,6.06,5.22,4.04,8.26,3.73,,0,0,0,0,0,0,0
59,Jan/26/2013,442318,2520,0.005697259,378899,388818.49,5.806666667,123451,123256.34,6.3,255447,260692.07,5.573333333,194969,195560.28,6.306666667,183930,190803.87,5.353333333,55918,56277.77,43552,42550.19,30133,30009.77,19981,20865.75,157917,164227.56,71397,74036.09,129047,129009.7,255447,5.573333333,1583969,,,59,,,7.08,8.05,7.76,5.78,34.18,3.84,199455,202236.5168,83690,86360.28746,111438,114746.9768,5.34,6.04,5.45,4.08,8.11,3.7,,0,0,0,0,0,0,0
60,Feb/02/2013,356018,10080,0.028313175,378612,380502.79,5.806666667,122800,122514.2,6.31,255813,260856.32,5.576666667,193703,195345.76,6.31,184911,185277.78,5.37,55042,55825.05,43489,43692.19,29899,30044.46,20170,20536.8,156700,158642.55,73314,72444.82,128029,128811.51,255813,5.576666667,1584698,,,60,,,7.09,7.96,7.83,5.85,28.9,3.89,199405,200175.6645,84641,84117.53425,110857,111897.7585,5.33,6.07,5.49,4.01,7.4,3.72,,0,0,0,0,0,0,0
61,Feb/09/2013,719701.346,11700,0.016256743,383412,380253.36,5.83,125852,125819.85,6.383333333,257560,261020.58,5.576666667,195363,193907.65,6.376666667,188050,186149.47,5.353333333,55303,55108.63,41851,42470.52,31340,29855.66,19976,20681.05,160693,157612.24,74249,73997.22,126308,127965.34,257560,5.576666667,1585721,,,61,,,6.99,7.94,7.79,5.77,26.12,3.78,203986,200132.7122,85781,84943.53214,110965,111436.0128,5.29,6.13,5.34,4.02,6.89,3.61,,0,0,0,0,0,0,0
62,Feb/16/2013,542452.222,11340,0.020905067,377419,384425.11,5.83,122992,122118.98,6.363333333,254426,261184.83,5.563333333,189320,194391.55,6.373333333,188099,188828.3,5.346666667,53288,55335.02,39752,40650.85,28768,31018.29,20278,20532.99,161549,160992.71,73784,74754.39,122832,126524.47,254426,5.563333333,1587122,,,62,,,7.01,7.99,7.85,5.77,24.6,3.84,199905,204068.0037,83223,85930.90844,108819,111547.2273,5.27,6.11,5.41,3.99,6.57,3.65,,0,0,0,0,0,0,0
63,Feb/23/2013,436026.81,8640,0.019815295,381341,379216.5,5.856666667,122667,123803.78,6.383333333,258674,261349.09,5.583333333,188446,191816.16,6.363333333,192895,188919.53,5.38,54818,53674.15,40925,40645.37,28511,28943.15,21167,20763.48,164305,161717.4,71614,74377.83,125147,123598.98,258674,5.583333333,1588654,,,63,,,6.98,8.01,7.8,5.82,24.5,3.79,202729,200562.2354,84330,83760.73281,109824,109784.0553,5.26,6.15,5.4,4.01,6.62,3.57,,0,0,0,0,0,0,0
64,Mar/02/2013,441131.992,6300,0.01428144,391649,395532.44,5.806666667,123380,127499.54,6.326666667,268267,261513.34,5.576666667,192508,189709.6,6.31,199140,192985.93,5.38,54567,54952.79,42514,42538.71,30080,28735.79,23420,21441.97,168699,170408,72369,72620.55,126279,125572.33,268267,5.576666667,1590036,,,64,,,6.95,7.95,7.76,5.84,23.84,3.83,208194,202988.1824,86291,84719.93193,112647,110641.1991,5.23,6.09,5.48,3.98,6.61,3.57,,0,0,0,0,0,0,0
65,Mar/09/2013,413685.212,12600,0.030457942,388550,395220.54,5.856666667,127193,128640.9,6.36,261358,261677.6,5.583333333,195748,191507.48,6.336666667,192803,198265.74,5.396666667,54909,54754.62,41670,42891.37,29501,30001.7,22333,23161.49,166348,170301.33,73788,73231.96,126205,126544.93,261358,5.583333333,1590988,,,65,,,7.03,8.12,7.7,5.81,22.25,3.82,205352,207682.871,84522,86408.32232,111438,113010.1594,5.25,6.16,5.41,3.94,6.33,3.58,,0,0,0,0,0,0,0
66,Mar/16/2013,421927.628,7740,0.018344378,368617,375980.42,5.786666667,114311,119091.17,6.273333333,254304,261841.85,5.583333333,181517,194255.01,6.256666667,187100,193009.3,5.366666667,54025,55048.18,41575,41516.71,29294,29534.55,21792,22331.88,153242,159081.17,68690,74381.07,123397,126497.32,254304,5.583333333,1591423,,,66,,,6.97,8.02,7.7,5.81,21.84,3.86,196989,197994.6994,78934,84911.83746,103679,112026.1801,5.23,6.11,5.38,3.98,6.35,3.63,,0,0,0,0,0,0,0
67,Mar/23/2013,424899.996,14220,0.033466698,361076,371566.55,5.79,110213,116251.92,6.273333333,250863,262006.11,5.586666667,178189,188005.36,6.243333333,182888,200679.29,5.396666667,52898,54325.13,39038,41141.71,28520,29367.53,20755,21918.98,149231,154684.7,70636,70252.68,120773,124136.92,250863,5.586666667,1591588,,,67,,,6.98,7.99,7.69,5.8,22.14,3.87,192473,204282.5606,78399,86866.94272,102564,105595.3369,5.25,6.11,5.4,3.97,6.53,3.65,,0,0,0,0,0,0,0
68,Mar/30/2013,462717.96,10980,0.023729358,364296,365012.55,5.813333333,117606,117135.31,6.31,246689,262170.37,5.596666667,185725,182407.1,6.276666667,178571,186000.85,5.396666667,53691,53400.58,38696,40483.37,29070,28743.05,21307,21127.53,150858,151289,70672,71828.56,121662,121932.17,246689,5.596666667,1591765,,,68,,,7.08,8.04,7.67,5.76,22.62,3.89,191907,194177.8026,79451,81098.60378,104324,104689.5263,5.28,6.12,5.36,3.94,6.62,3.67,,0,0,0,0,0,0,0
69,Apr/06/2013,488185.03,10440,0.021385334,360975,367811.1,5.8,119841,122134.88,6.31,241136,262334.62,5.593333333,184422,185271.62,6.273333333,176554,181439.39,5.416666667,52532,55251.23,38669,42260.04,28774,29186.81,20800,21548.82,151390,152666.41,68810,71857.71,119593,122699.2,241136,5.593333333,1592234,,,69,,,7.12,7.96,7.68,5.69,24.07,3.88,190316,199247.2363,79056,80593.25876,103517,106174.5147,5.32,6.08,5.37,3.93,6.93,3.71,,0,0,0,0,0,0,0
70,Apr/13/2013,525272.406,6300,0.011993777,356336,364924.77,5.816666667,118477,120188.87,6.333333333,237859,262498.88,5.573333333,183242,186697.39,6.296666667,173092,171321.37,5.393333333,52758,52135.98,39619,40961.04,27366,28947.99,20937,21161.87,148728,153116.8,66926,70349.85,119859,120963.95,237859,5.573333333,1593200,,,70,,,7.13,7.99,7.73,5.79,23.88,3.93,187870,187552.275,77166,75136.96652,101836,105524.8314,5.32,6.06,5.36,4.02,6.93,3.78,,0,0,0,0,0,0,0
71,Apr/20/2013,463222.92,7200,0.015543272,358470,360892.95,5.806666667,122222,118582.68,6.333333333,236248,262663.13,5.563333333,184997,185745.42,6.29,173474,176754.18,5.366666667,52006,53314.39,40725,41155.04,28431,27811.98,19804,21266.43,150701,150863.16,66804,68824.18,120779,121203.96,236248,5.563333333,1594390,,,71,,,7.14,7.96,7.72,5.78,23.82,3.9,189428,190223.612,77923,78700.80172,102656,104148.3452,5.34,6.05,5.42,4.01,7.03,3.77,,0,0,0,0,0,0,0
72,Apr/27/2013,410476.038,5220,0.012716942,361259,362747.64,5.773333333,119612,118054.31,6.303333333,241647,262827.39,5.536666667,183088,186300.75,6.276666667,178171,177124.27,5.33,51687,52700.8,40779,41173.37,28012,28671.25,20293,20401.71,153115,152533.5,67371,65712.55,121199,121997.22,241647,5.536666667,1595352,,,72,,,7.08,7.98,7.74,5.79,22.89,3.83,191564,191562.0063,77247,79361.15195,101648,104851.6463,5.28,6.06,5.31,3.94,6.7,3.7,,0,0,0,0,0,0,0
73,May/04/2013,364748,4500,0.012337285,370359,365171.6,5.796666667,119593,118466.25,6.306666667,250764,262991.64,5.54,184747,185826.81,6.306666667,185613,181107.77,5.343333333,53415,52446.25,40949,41534.37,28873,28333.19,21437,20774.92,155207,154577.19,70480,71624.35,122565,122367.51,250764,5.54,1595630,,,73,,,7,7.89,7.77,5.79,23.63,3.74,196819,193396.9294,80319,78797.92946,104186,104034.815,5.23,6.09,5.26,3.87,6.81,3.6,,0,0,0,0,0,0,0
74,May/11/2013,422410,1080,0.002556758,367909,373080.55,5.803333333,117283,121556.54,6.336666667,250626,263155.9,5.54,179535,176810.57,6.333333333,188373,187389.96,5.343333333,52987,53889.07,40067,40251.37,27398,29027.86,21115,21648.04,153909,156348.27,72433,71702.23,124623,123538.06,250626,5.54,1594807,,,74,,,6.98,7.95,7.71,5.73,23.11,3.7,194442,197911.2182,80076,81434.9516,104573,106166.7744,5.21,6.09,5.12,3.85,6.78,3.6,,0,0,0,0,0,0,0
75,May/18/2013,395688.062,1980,0.005003942,383091,370951.22,5.806666667,125590,123655.67,6.296666667,257502,263320.15,5.55,190132,188653.9,6.306666667,192962,189751.4,5.35,57173,53544.14,42409,41093.37,30826,28870.54,21696,21402.29,157644,155249.38,73348,73283.78,131063,125294,257502,5.55,1593081,,,75,,,7.11,8.05,7.65,5.82,23.33,3.77,198412,195869.2649,84307,81241.44787,111281,106510.0003,5.24,6.1,5,3.85,6.83,3.66,,0,0,0,0,0,0,0
76,May/25/2013,313506.542,13680,0.043635453,382405,384146.13,5.763333333,126095,123366.55,6.24,256309,263484.41,5.543333333,188826,190428.22,6.256666667,193579,193644.46,5.33,57027,57025.14,43106,41279.71,29791,29770.35,21455,21845.71,155625,158411.43,75401,74024.76,128534,130756.85,256309,5.543333333,1591164,,,76,,,7.1,8.05,7.61,5.78,23.44,3.81,196333,199279.6791,85727,84868.08674,113221,112109.6578,5.23,6.09,4.93,3.83,6.78,3.71,,0,0,0,0,0,0,0
77,June/01/2013,379962.802,2700,0.007105959,383570,383549.91,5.783333333,122602,123737.17,6.296666667,260968,263648.67,5.54,188357,190124.46,6.276666667,195212,194211.34,5.35,58262,56914.04,42489,41266.04,27175,29768.53,21591,21661.78,157877,156702.15,76176,75687.29,127880,128632.46,260968,5.54,1589782,,,77,,,7.08,7.97,7.71,5.79,23.22,3.78,197630,197493.7217,87475,86094.54214,114148,113744.331,5.25,6.11,5.04,3.84,6.74,3.65,,0,0,0,0,0,0,0
78,June/08/2013,443233.246,15660,0.035331285,387941,384562.43,5.803333333,123965,124748.74,6.34,263975,263812.92,5.546666667,191587,189528.58,6.32,196351,195629.03,5.36,57819,57948.07,41599,40928.37,27212,27657.88,21512,21765.57,161680,158608.69,78118,76314.89,126294,128094.21,263975,5.546666667,1589658,,,78,,,7.04,7.94,7.64,5.74,23.13,3.73,201542,198607.9048,89228,87601.06164,115960,114536.6113,5.28,6.11,5.12,3.87,6.76,3.62,,0,0,0,0,0,0,0
79,June/15/2013,480516.258,12780,0.026596395,374042,388361.34,5.793333333,118307,118631.03,6.306666667,255735,263977.18,5.563333333,183822,191020.58,6.306666667,190221,196633.04,5.363333333,56189,57590.7,40337,40543.71,27842,27687.73,21550,21705.28,152803,161828.3,75320,77887.53,124650,126767.55,255735,5.563333333,1591167,,,79,,,7.05,7.99,7.6,5.73,22.82,3.69,193356,201968.4943,85378,89111.85041,112510,116064.842,5.27,6.07,5.19,3.86,6.76,3.58,,0,0,0,0,0,0,0
80,June/22/2013,431010,7944,0.018431127,372262,376281.5,5.773333333,122912,123220.93,6.263333333,249350,264141.43,5.553333333,187766,188014.06,6.243333333,184497,191549.94,5.366666667,54193,56249.07,41137,40813.04,28033,28196.03,21228,21734.28,151933,154313.05,75739,75621.69,124054,125391.82,249350,5.553333333,1593754,,,80,,,7.11,8.01,7.67,5.81,23.75,3.73,190529,194936.3405,85526,85838.49547,113148,113217.2868,5.28,6.06,5.22,3.89,6.86,3.59,,0,0,0,0,0,0,0
81,June/29/2013,433379.28,7560,0.017444304,384234,374734.48,5.753333333,128510,123189.76,6.26,255723,264305.69,5.523333333,194794,187850.84,6.236666667,189441,186806.82,5.33,56679,54603.95,42081,41133.37,28096,28350.13,22611,21488.53,159505,153576.51,75262,75961,127657,124902.63,255723,5.523333333,1596715,,,81,,,7.19,8.11,7.7,5.92,23.37,3.72,193583,192507.8164,86944,85978.84865,117159,113769.2399,5.26,6.02,5.21,3.84,6.91,3.57,,0,0,0,0,0,0,0
82,July/06/2013,336082,9720,0.028921513,387264,385139.52,5.716666667,129582,126019.38,6.213333333,257684,264469.94,5.49,195036,192467.36,6.226666667,192229,190997.16,5.286666667,57069,56675.31,44793,42747.04,27457,28400.96,22045,22544.05,160073,159986.95,75828,75574.73,128795,127965.55,257684,5.49,1599345,,,82,,,7.11,8.04,7.71,5.91,23.4,3.72,195055,195131.3441,87050,87203.59634,117342,117126.12,5.19,5.96,5.17,3.81,6.85,3.54,,0,0,0,0,0,0,0
83,July/13/2013,444745.276,5580,0.012546508,386885,387772.94,5.69,127382,130260.03,6.156666667,259502,264634.2,5.483333333,193680,194528.51,6.193333333,193204,193382.06,5.286666667,56678,57008.66,43766,42038.71,27799,27885.4,23060,22112.07,157622,160467.82,77959,76033.08,129035,128943.22,259502,5.483333333,1601051,,,83,,,7.09,8.04,7.69,5.89,23.88,3.72,195045,196395.8604,84983,87308.08765,115449,117299.7031,5.15,5.92,5.11,3.78,6.95,3.55,,0,0,0,0,0,0,0
84,July/20/2013,459882.254,5400,0.011742136,381822,387443.55,5.653333333,117834,120009.73,6.083333333,263990,264798.45,5.503333333,183368,193914.6,6.123333333,198455,194248.73,5.3,57557,56694.41,43183,41941.37,28803,28161.33,22647,22886.73,154509,158392.8,75124,77758.77,129705,129161.24,263990,5.503333333,1601907,,,84,,,7.03,7.83,7.66,5.93,24.04,3.71,194292,192156.1213,85607,85557.15431,114160,115746.9215,5.15,5.87,5.17,3.79,6.94,3.55,,0,0,0,0,0,0,0
85,July/27/2013,512232.526,8100,0.015813131,392200,383043.22,5.67,120712,120956.02,6.146666667,271487,264962.71,5.463333333,186220,188363.8,6.173333333,205979,198696.15,5.273333333,57772,57433.24,43808,43411.37,29443,28971.38,23049,22571.53,159670,155757.34,78457,75462.97,132573,129743.02,271487,5.463333333,1602247,,,85,,,7,7.8,7.61,5.87,23.51,3.79,200207,199375.1609,88340,86103.94197,116978,114696.4156,5.14,5.89,5.13,3.77,6.84,3.62,,0,0,0,0,0,0,0
86,Aug/03/2013,451373.308,7380,0.016350103,410388,392062.9,5.686666667,126785,123341.37,6.186666667,283603,280009.72,5.476666667,193806,186949.46,6.243333333,216581,205047,5.29,60080,59572.2,45135,44640.71,29900,29487.75,24621,22878.34,170860,166929.97,79793,78162.06,135856,132184.17,283603,5.476666667,1602403,,,86,,,7.03,7.8,7.65,5.91,23.89,3.79,208494,205048.9299,92972,88451.50761,123246,117061.218,5.15,5.88,5.05,3.81,6.9,3.61,,0,0,0,0,0,0,0
87,Aug/10/2013,429182.48,9900,0.023067111,410815,407870.37,5.7,128183,127418.52,6.17,282633,279851.72,5.47,193245,191544.71,6.206666667,217571,213975.39,5.286666667,59822,59375.26,46511,45601.52,30198,29856.47,24161,24078.11,172263,163840.38,77864,79243.96,136023,134976.39,282633,5.47,1602704,,,87,,,6.97,7.78,7.72,5.89,23.86,3.66,209335,204309.1703,94589,92420.54191,124495,122294.9793,5.15,5.91,5.1,3.8,6.82,3.51,,0,0,0,0,0,0,0
88,Aug/17/2013,373681.912,7020,0.018786031,401259,408241.48,5.71,126735,123388.4,6.193333333,274523,265455.48,5.49,192467,193356.76,6.226666667,208792,214854.63,5.283333333,58572,58140.96,45729,44143.19,30948,30096.9,23596,23727.03,165670,170787.85,76746,77681.84,133964,135132.65,274523,5.49,1603317,,,88,,,7.04,7.86,7.73,5.88,23.55,3.67,204674,208663.0429,91354,93815.20654,120691,123355.0291,5.19,5.95,5.05,3.87,7,3.5,,0,0,0,0,0,0,0
89,Aug/24/2013,496317.346,4860,0.009792122,395494,399936.21,5.706666667,124322,126809.51,6.19,271172,265619.73,5.5,188105,192811.38,6.233333333,207390,207553.24,5.29,57412,58314.74,43806,43777.19,30091,30702.02,23492,23295.82,165335,165206.23,75360,76776.48,131936,133405.86,271172,5.5,1604221,,,89,,,6.98,7.85,7.73,5.85,23.72,3.62,203492,204659.0276,90066,91066.97179,118480,120213.0938,5.18,5.97,5.08,3.87,7.07,3.49,,0,0,0,0,0,0,0
90,Aug/31/2013,543683.464,744,0.001368443,397866,394925.76,5.73,126714,124133.13,6.29,271153,265783.99,5.526666667,192766,190406.96,6.276666667,205099,206429.39,5.326666667,57434,57362.83,45100,44502.85,29938,30010.57,23766,23216.44,164822,164922.62,76806,75654.09,132461,131705.29,271153,5.526666667,1605383,,,90,,,7.09,7.92,7.78,5.87,23.33,3.64,202941,203643.6348,90913,89981.19069,119902,118395.869,5.23,6,5.16,3.81,6.87,3.51,,0,0,0,0,0,0,0
91,Sep/07/2013,465024.96,1080,0.002322456,404993,396987.31,5.78,135106,129399.76,6.27,269888,265948.24,5.563333333,201429,191542.88,6.296666667,203565,204561.1,5.353333333,57043,57391.04,44011,44189.52,31665,29887.13,23669,23425.56,168393,164488.31,80213,76825.07,138694,132164.4,269888,5.563333333,1606768,,,91,,,7.1,7.98,7.73,5.78,23.31,3.61,207473,203170.3002,92706,90718.38777,122925,119599.7826,5.27,6.02,5.21,3.92,6.9,3.48,,0,0,0,0,0,0,0
92,Sep/14/2013,392374.98,15480,0.039452057,494243,503479.3,5.136666667,133585,134689.51,6.253333333,360658,360658.05,4.743333333,202109,197178.04,6.253333333,292133,291337.88,4.433333333,62262,60600.11,45940,44511.52,35525,35786.14,30792,29997.37,220911,230863.67,98815,92951.12,145190,144178.81,360658,4.743333333,1608336,,,92,,,6.27,6.21,7.73,5.76,23.18,3.54,243150,242699.8698,128104,132546.9345,168097,167452.3875,4.71,4.74,5.26,3.93,6.85,3.44,,0,0,0,0,0,0,0
93,Sep/21/2013,476125.648,15120,0.031756323,506715,517340.5,5.276666667,134662,136169.48,6.273333333,372052,372052.51,4.9,196829,199910.31,6.363333333,309884,308934.12,4.616666667,64255,64506.7,46654,45533.42,36294,36617.73,31060,30020,229367,241107.26,99080,101808.81,144437,144094.32,372052,4.9,1610020,,,93,,,6.4,6.55,7.67,5.52,23.33,3.62,249578,249054.769,131403,136599.1818,172587,171814.2277,4.82,4.99,5.28,3.8,6.88,3.5,,0,0,0,0,0,0,0
94,Sep/28/2013,518888.738,3780,0.007284799,456462,462265.88,5.52,130749,129867.83,6.27,325713,325713.51,5.22,157230,163342.16,7.196666667,299235,298099.46,4.76,63781,64167.67,46889,45411.42,31167,31949.06,29248,29519.33,189257,180966.24,96123,95953.96,139410,142009.97,325713,5.22,1611746,,,94,,,6.6,7.04,7.72,5.48,23.5,3.54,234238,233630.2738,114862,110283.7792,146889,145961.478,5.04,5.5,5.3,3.74,6.98,3.43,,0,0,0,0,0,0,0
95,Oct/05/2013,407415.36,8280,0.02032324,455831,442889.54,5.516666667,131550,130190.22,6.25,324282,302620.69,5.226666667,181563,193232.43,6.523333333,274267,272909.65,4.913333333,60877,60921.33,45070,46016.85,30139,29539.2,23699,25272.58,202773,210504.98,93275,91591.33,133402,136871.95,324282,5.226666667,1613439,,,95,,,6.59,7.06,7.66,5.3,22.55,3.66,234330,233624.1155,114540,109186.527,146585,151542.7619,5.04,5.51,5.33,3.65,6.84,3.57,,0,0,0,0,0,0,0
96,Oct/12/2013,535184.574,12240,0.022870614,420659,418877.03,5.616666667,129959,130159.01,6.156666667,290699,266769.52,5.38,162303,163198.93,6.826666667,258354,251507.01,4.966666667,57995,57586.86,42632,42963.42,29940,30049.3,22930,22048.4,173204,167975.4,93956,89416.57,131141,130183.07,290699,5.38,1615019,,,96,,,6.68,7.35,7.63,5.29,22.46,3.59,219621,218067.3537,100621,101804.4531,128961,130186.6445,5.08,5.73,5.35,3.55,6.72,3.48,,0,0,0,0,0,0,0
97,Oct/19/2013,394157.52,11340,0.028770224,416142,410045.51,5.616666667,124499,124342.83,6.18,291643,292107.06,5.383333333,165470,168424.88,6.756666667,250671,244409.73,4.95,58255,57916.01,43328,44641.19,30359,29888.74,21885,22787.52,174030,170239.51,88285,89175.96,131519,131137.73,291643,5.383333333,1616330,,,97,,,6.72,7.31,7.55,5.48,23.44,3.55,217980,214822.8636,101511,97758.95396,129539,125269.5432,5.16,5.73,5.37,3.76,6.98,3.45,,0,0,0,0,0,0,0
98,Oct/26/2013,425298.85,4032,0.009480392,403620,398916.09,5.726666667,123569,124314.79,6.383333333,280050,267098.03,5.433333333,174629,172489.95,6.76,228990,215398.89,4.996666667,58150,58141.57,43204,43463.19,29702,30226.8,22181,21989.96,167081,162191.51,83300,86963.65,130512,131472.49,280050,5.433333333,1617177,,,98,,,6.87,7.53,7.52,5.48,22.68,3.65,211791,210633.5519,97523,94937.93001,124329,120682.8695,5.26,5.9,5.32,3.78,6.81,3.55,,0,0,0,0,0,0,0
99,Nov/02/2013,285286.728,16200,0.056784976,397368,401988.19,5.763333333,120587,121870.34,6.393333333,276781,267262.29,5.49,175443,188010.44,6.55,221926,238673.56,5.183333333,58496,58064.47,43156,42249.52,28598,29696.72,21995,22215.87,164155,172953.4,80967,81259.99,129905,130635.62,276781,5.49,1617361,,,99,,,6.93,7.58,7.64,5.52,22.41,3.66,210936,210772.8608,94599,96474.22471,120774,123452.4261,5.33,5.94,5.45,3.93,6.77,3.57,,0,0,0,0,0,0,0
100,Nov/09/2013,540095.408,13320,0.024662309,398866,396554.49,5.833333333,124240,124109.67,6.44,274626,267426.54,5.57,179282,182913.7,6.66,219584,222195.96,5.223333333,59111,60064.07,43581,43566.52,27599,28805.99,22616,22073.91,164345,164850.87,81615,77336.06,130358,132599.93,274626,5.57,1616690,,,100,,,7.02,7.74,7.73,5.61,22.63,3.61,211546,210038.3762,94631,93991.53853,120525,120517.5548,5.39,6.08,5.46,3.89,6.93,3.53,,0,0,0,0,0,0,0
101,Nov/16/2013,359886.89,7380,0.020506443,388529,397856.42,5.846666667,120717,121002.91,6.486666667,267814,267590.8,5.576666667,186671,181279.4,6.52,201860,204993.5,5.313333333,57274,57469.36,44292,42537.85,27939,27999.97,21530,22547.87,159362,158603.04,78135,80719.43,127134,128451.96,267814,5.576666667,1615192,,,101,,,7.06,7.75,7.66,5.62,22.05,3.78,206238,210562.3945,93353,94032.84465,117851,120331.8944,5.43,6.14,5.41,3.91,6.86,3.66,,0,0,0,0,0,0,0
102,Nov/23/2013,480245.486,9024,0.01879039,380585,388872.38,5.79,118543,116125.84,6.373333333,262043,267755.06,5.583333333,182627,186048.16,6.43,197959,202400.96,5.32,54816,55165.72,40921,40805.85,28445,28274.29,21434,21719.02,158652,159865.89,76316,77901.3,123926,127823.02,262043,5.583333333,1613290,,,102,,,7.04,7.83,7.64,5.74,22.6,3.66,202006,206002.5762,88098,92955.60208,113144,118129.647,5.37,6.1,5.41,3.94,6.93,3.53,,0,0,0,0,0,0,0
103,Nov/30/2013,439980.4,2340,0.005318419,384929,381968.12,5.78,118194,119563.94,6.306666667,266737,267919.31,5.58,185650,186057.4,6.363333333,199280,199184.43,5.34,54765,55650.08,41936,41107.52,28700,28682.54,22035,21645.75,159440,159264.8,78055,76428.26,125650,125124.24,266737,5.58,1611448,,,103,,,7.02,7.79,7.72,5.72,22.74,3.71,205231,202367.0919,88539,88482.58234,113344,114236.7929,5.35,6.09,5.38,3.95,6.88,3.59,,0,0,0,0,0,0,0
104,Dec/07/2013,588134,8280,0.014078424,387804,385743.56,5.773333333,121732,124301.16,6.32,266072,268083.57,5.55,192227,186458.82,6.353333333,195576,200340.85,5.323333333,55313,56564.37,40748,41105.79,28341,28888.28,21945,22104.44,164310,159931.92,77142,77836.52,124149,126597.64,266072,5.55,1610130,,,104,,,7.01,7.89,7.72,5.66,22.38,3.71,204112,205137.5165,87952,88873.11472,114458,114424.513,5.29,6.06,5.22,3.89,6.75,3.59,,0,0,0,0,0,0,0
105,Dec/14/2013,628229.322,3240,0.005157352,389399,388242.27,5.736666667,119475,121802.93,6.24,269924,268247.82,5.533333333,189472,190594.75,6.286666667,199931,197289.3,5.296666667,55058,55771.82,41897,42526.2,27804,28598.63,24134,23700.42,163528,164054.86,76983,77097.16,127724,125342.88,269924,5.533333333,1609692,,,105,,,7.11,7.94,7.76,5.75,22.77,3.69,200098,204176.2436,87131,88385.88524,115252,115372.2992,5.24,6,5.11,3.79,6.74,3.56,,0,0,0,0,0,0,0
106,Dec/21/2013,569824.914,14400,0.02527092,420997,442079.67,5.693333333,126524,129896.24,6.286666667,294473,315735.18,5.456666667,199308,191026.95,6.306666667,221688,239973.63,5.213333333,58531,58951.46,46570,49269.7,29676,30346.42,27167,31760.68,181834,193466.24,77219,76968.4,136339,137774.1,294473,5.456666667,1610065,,,106,,,7.28,8.04,7.87,5.98,21.83,3.69,207475,215699.5967,92380,95226.69896,124384,127465.7563,5.14,5.97,4.82,3.52,6.58,3.55,,0,0,0,0,0,0,0
107,Dec/28/2013,175719.648,13320,0.075802565,423860,415904.71,5.663333333,142049,141512.77,6.173333333,281812,268576.33,5.41,206101,195204.2,6.216666667,217760,202464.2,5.19,60752,61319.68,47762,45891.03,29167,27916.02,28351,27994.57,182833,177951.57,74995,74152.73,134335,131453.45,281812,5.41,1611070,,,107,,,7.47,8.38,7.99,6.27,22.47,3.89,200206,200170.1778,88379,85767.03589,125925,114179.5606,5.07,5.88,4.84,3.44,6.72,3.7,,0,0,0,0,0,0,0
108,Jan/04/2014,328101.35,5760,0.017555551,368594,380990.37,5.83,119783,119117.38,6.286666667,248811,268740.59,5.59,183117,201328.89,6.353333333,185477,202738.76,5.353333333,54932,55615.82,41490,42183.37,28278,29265.07,19525,19987.22,151582,158976.92,72787,77793.42,124888,130863.09,248811,5.59,1612532,,,108,,,7.13,8.08,7.85,5.71,22.56,3.72,191472,195695.5396,82407,88792.42924,110105,124972.2639,5.34,6.05,5.25,4.05,6.82,3.61,,0,0,0,0,0,0,0
109,Jan/11/2014,462759.616,26820,0.057956656,377260,371546.56,5.836666667,120753,120955.19,6.363333333,256507,268904.84,5.57,189926,191665.89,6.38,187333,189033.13,5.343333333,56441,55495.76,41112,42141.7,29002,28547.8,20216,20188.78,155245,153279.35,75244,73570.45,126045,126028.01,256507,5.57,1614275,,,109,,,7.14,7.98,7.79,5.61,22.04,3.68,197342,193317.8971,83887,83707.19622,110793,111838.036,5.34,6.04,5.38,3.83,6.67,3.59,,0,0,0,0,0,0,0
110,Jan/18/2014,299498.302,15360,0.051285767,384039,379078.31,5.76,124783,123604.85,6.213333333,259257,269069.1,5.553333333,194743,188740.57,6.25,189297,190637.56,5.33,55664,56756.99,41191,41805.7,29376,29131.94,20606,20716.16,158398,156380.44,78804,75560.15,127282,127021.75,259257,5.553333333,1616138,,,110,,,7.11,7.98,7.78,5.5,22.24,3.66,200205,198360.4995,84029,84984.88286,111038,112431.5683,5.26,6.04,5.25,3.69,6.71,3.54,,0,0,0,0,0,0,0
111,Jan/25/2014,521260.362,3240,0.006215704,379388,384970.05,5.793333333,122762,122346.19,6.293333333,256627,269233.36,5.57,194495,193037.9,6.31,184894,192332.43,5.333333333,56081,56122.66,42396,42420.03,29826,29433.69,19958,21013.81,154142,159049.77,76987,78443.06,127884,128083.18,256627,5.57,1617973,,,111,,,7.17,7.99,7.83,5.77,17.68,3.6,196271,200819.9493,85217,85120.11291,112403,112656.7095,5.32,6.06,5.26,3.82,6.61,3.51,,0,0,0,0,0,0,0
112,Feb/01/2014,471026.274,8100,0.017196493,383632,380927.79,5.756666667,121346,123040.12,6.336666667,262286,269397.61,5.53,194773,194242.86,6.273333333,188858,188695.53,5.316666667,56702,56478.41,42411,43562.03,29905,29796.76,21268,20519.25,154909,155446.64,78438,76971.64,129479,128607.43,262286,5.53,1619634,,,112,,,7.18,8.06,7.86,5.78,13.67,3.51,198391,197440.4608,84098,86148.47419,112452,113813.2229,5.3,6.03,5.25,3.85,6.33,3.42,,0,0,0,0,0,0,0
113,Feb/08/2014,549092.728,20544,0.037414446,394578,384616.32,5.77,129447,124730.48,6.22,265130,269561.87,5.556666667,202682,194313.96,6.243333333,191896,192065.21,5.333333333,58149,57003.3,42597,42340.37,29635,29860.5,22721,21519.06,156468,156095.98,85007,78146.67,130314,129971.7,265130,5.556666667,1620972,,,113,,,7.27,8.07,7.84,5.69,12.94,3.64,203614,199261.6391,86940,85206.9944,116508,113875.3741,5.37,6.02,5.35,3.93,6.14,3.52,,0,0,0,0,0,0,0
114,Feb/15/2014,572417.552,16200,0.028301019,397953,394129.65,5.763333333,130843,125820.87,6.213333333,267108,269726.12,5.556666667,203103,198360.95,6.266666667,194849,194659.46,5.333333333,57991,58213.12,41473,40520.7,30940,29642.66,23240,22628,160701,157415.83,83607,83466.29,132001,130693.05,267108,5.556666667,1621910,,,114,,,7.28,8.09,7.78,5.67,12.48,3.66,202029,203748.4385,87797,87647.63013,118767,117269.6753,5.32,5.98,5.27,3.87,5.96,3.5,,0,0,0,0,0,0,0
115,Feb/22/2014,379188.098,27360,0.072154163,401632,397062.92,5.74,128965,129492.89,6.136666667,272668,269890.38,5.573333333,203071,200755.11,6.206666667,198563,197182.52,5.34,59193,58092.07,43363,43026.66,30244,30695.57,23696,23024.11,162380,160999.48,82761,82332.56,134342,132135.15,272668,5.573333333,1622549,,,115,,,7.27,8.08,7.77,5.71,12.44,3.68,202533,202386.8499,90871,88393.36576,122989,119169.6233,5.34,5.97,5.3,3.89,5.83,3.57,,0,0,0,0,0,0,0
116,Mar/01/2014,384695.168,36108,0.09386133,416442,413167.66,5.8,136209,133422.34,6.253333333,280233,270054.63,5.603333333,210566,200855.24,6.293333333,205876,200342.85,5.38,61866,59098.74,44922,44919.99,30564,30134.02,24798,23372.14,167356,168778.3,86935,81647.46,137892,134130.49,280233,5.603333333,1623020,,,116,,,7.37,8.15,7.86,5.74,12.83,3.65,208882,202819.8093,96254,91032.0956,128836,122701.9672,5.4,6.09,5.26,3.92,5.9,3.52,,0,0,0,0,0,0,0
117,Mar/08/2014,471259.306,32832,0.069668651,419873,416768.52,5.766666667,137782,137988.74,6.1,282091,270218.89,5.61,210907,204608.84,6.18,208967,206517.01,5.4,62144,61325.16,45946,45272.66,30391,30392.2,25033,24213.2,171211,169164.35,85150,85027.6,137146,137148.57,282091,5.61,1623454,,,117,,,7.32,8.17,7.82,5.78,12.84,3.65,210337,208273.8949,96631,95642.37422,129944,127585.6323,5.36,6.07,5.24,3.92,5.92,3.52,,0,1,0,0,0,0,0
118,Mar/15/2014,453682.316,27324,0.060227166,406639,403203.72,5.82,133125,130398.93,6.296666667,273513,270383.14,5.603333333,203928,206848.58,6.306666667,202710,209155.63,5.393333333,60647,61565.64,43675,43897.99,30451,30252.62,23851,24392.55,166885,163198.18,81132,83582.09,140143,136532.5,273513,5.603333333,1623962,,,118,,,7.31,8.12,7.79,5.78,11.94,3.62,205229,202277.0457,93616,95978.25995,124683,128528.4291,5.36,6.09,5.07,3.93,6.05,3.5,,0,0,1,0,0,0,0
119,Mar/22/2014,683448.432,34380,0.050303722,443451,404612.05,5.83,131254,132898.56,6.273333333,312197,270547.4,5.613333333,202749,203439.28,6.3,240703,216361.7,5.433333333,65549,60334.29,46551,43522.99,33784,30301.03,26084,23490.43,181877,166234.85,89603,80328.29,146079,139082.77,312197,5.613333333,1624613,,,119,,,7,7.37,7.7,5.72,11.69,3.59,230468,211361.1029,118023,100130.3314,143696,124174.8784,5.43,6.05,5.27,3.89,6.1,3.51,,0,0,0,1,0,0,0
120,Mar/29/2014,638574.736,18252,0.028582402,450778,436605.93,5.796666667,133697,133423.71,6.27,317080,270711.66,5.596666667,205780,200921.29,6.26,244995,237026.01,5.433333333,66198,64409,45546,42864.66,34783,32990.17,26132,25194.69,188244,178927.05,89875,87188.16,147863,144119.27,317080,5.596666667,1625465,,,120,,,6.95,7.24,7.76,5.76,11.63,3.54,237368,226817.2704,121363,115658.8178,144799,140007.1557,5.44,6.06,5.3,3.89,6.22,3.46,,0,0,0,0,0,0,0
121,Apr/05/2014,496778.106,50352,0.101357124,449800,442973.94,5.833333333,141012,137794.63,6.34,308788,270875.91,5.6,213439,202117.43,6.323333333,236362,239673.79,5.43,67008,66140.23,48452,44641.33,33811,33796.19,24201,25231.32,190767,184317.35,85561,87408.43,144615,145643.42,308788,5.6,1626578,,,121,,,7,7.29,7.84,5.76,11.85,3.53,236955,238300.3444,118465,117107.0906,142556,140945.7945,5.45,6.06,5.37,3.9,6.17,3.44,,0,0,0,0,0,0,0
122,Apr/12/2014,451800.638,34560,0.076493916,420031,442123.94,5.81,140445,137586.84,6.296666667,279585,271040.17,5.626666667,206927,206798.73,6.293333333,213103,224015.49,5.44,62348,64657.68,45807,43342.33,31096,33011.96,22329,23757.56,176750,186453.31,81700,83914.92,138132,142910.8,279585,5.626666667,1628002,,,122,,,7.12,7.54,7.79,5.78,11.65,3.48,219361,227617.3398,105626,109513.6019,130714,139101.9591,5.45,6.09,5.29,3.91,6.07,3.41,,0,0,0,0,0,0,0
123,Apr/19/2014,369701.926,15444,0.041774194,400022,416251.25,5.796666667,134865,137081.4,6.25,265157,271204.42,5.62,197146,205643.57,6.233333333,202877,212870.16,5.426666667,60417,61784.62,45449,43536.33,30756,30821.43,21662,22328.83,161354,174586.54,80386,80788.26,137568,137441.57,265157,5.62,1629695,,,123,,,7.24,7.59,7.73,5.74,11.7,3.71,205887,217275.842,98857,103728.5902,123970,129275.7655,5.45,6.05,5.23,3.84,6.05,3.58,,0,0,0,0,0,0,0
124,Apr/26/2014,489041.538,10080,0.020611746,388781,398861.12,5.713333333,127868,127659.31,6.176666667,260914,271368.68,5.546666667,186453,189614.14,6.193333333,202330,204357.04,5.37,61011,60193.4,46693,43554.66,30958,30547.11,20590,21819.76,159419,161552.31,70113,76711.35,136532,136979.45,260914,5.546666667,1631567,,,124,,,7.01,7.37,7.76,5.67,10.57,3.49,200440,205701.0509,99241,97962.83557,121758,123688.9783,5.32,6.01,5.25,3.87,4.95,3.36,,0,0,0,0,0,0,0
125,May/03/2014,411754.4,13056,0.031708222,392478,389091.39,5.686666667,122601,127191.71,6.166666667,269878,271532.93,5.516666667,188835,195548.7,6.123333333,203644,203949.18,5.35,59231,60695.91,45730,43915.66,30492,30710.09,23239,21001.6,162883,159914.14,70902,73844.84,135233,136118.05,269878,5.516666667,1633523,,,125,,,7.02,7.36,7.73,5.61,10.63,3.73,201165,201021.8252,98567,98304.69828,121611,121870.9219,5.27,5.97,5.11,3.82,4.69,3.57,,0,0,0,0,0,0,0
126,May/10/2014,402503.808,20880,0.051875286,394194,392304.51,5.713333333,123380,123600.26,6.273333333,270814,271697.19,5.503333333,187534,191686.45,6.236666667,206660,205099.73,5.32,60313,59229.9,44743,42632.66,30338,30334.11,23172,23023.35,161522,162846.76,74106,72043.97,135480,135034.17,270814,5.503333333,1635471,,,126,,,7.05,7.48,7.7,5.57,11.5,3.48,202929,201644.6338,95951,97743.1835,120248,121770.0829,5.27,5.97,5.13,3.8,5.05,3.38,,0,0,0,0,0,0,0
127,May/17/2014,504169.564,6480,0.012852819,398625,393795.91,5.66,125930,126076.53,6.146666667,272695,271861.45,5.443333333,188278,189117.93,6.17,210348,207675.55,5.25,60002,60137.06,43760,43474.66,30077,31242.6,22938,22972.21,165495,161694.54,76353,74638.59,132939,135258.11,272695,5.443333333,1637329,,,127,,,6.99,7.51,7.76,5.64,12.08,3.55,203232,203159.9917,96008,95523.48435,123249,120658.0399,5.21,5.85,5.17,3.81,5.29,3.45,,0,0,0,0,0,0,0
128,May/24/2014,459996.904,9720,0.021130577,391689,397646.96,5.696666667,120790,121299.05,6.266666667,270899,272025.7,5.45,184155,189132.34,6.28,207532,210814.11,5.233333333,58815,59889.14,43840,43660.99,28843,29166.04,22244,22793.62,163416,165058.08,74534,76458.22,131263,133123.58,270899,5.45,1639028,,,128,,,6.95,7.48,7.72,5.58,12.1,3.54,203207,203420.2827,94521,95586.13681,120384,123175.0219,5.26,5.87,5.26,3.93,5.54,3.44,,0,0,0,0,0,0,0
129,May/31/2014,386027.08,18648,0.048307492,389413,391618.78,5.693333333,120335,122118.15,6.293333333,269078,272189.96,5.453333333,183995,187267.96,6.26,205418,208506.18,5.236666667,59045,58914.85,42790,43647.33,28730,29003.66,22781,22263.95,160741,163298,75324,74985.19,130624,131720.78,269078,5.453333333,1640497,,,129,,,6.92,7.53,7.68,5.57,11.63,3.45,202822,203398.8066,94249,94330.43877,120149,120813.9423,5.26,5.91,5.26,3.87,5.75,3.36,,0,0,0,0,0,0,0
130,June/07/2014,576518.274,28440,0.049330613,385935,389640.67,5.723333333,125025,123722.28,6.41,260910,272354.21,5.496666667,186057,186049.73,6.316666667,199878,206786.1,5.293333333,60403,59115.53,41747,43309.66,29031,28912.49,22078,22673.8,158475,161033.35,74202,75624.93,129560,131195.21,260910,5.496666667,1641669,,,130,,,7.04,7.74,7.6,5.68,11.78,3.54,199526,203068.0737,90965,94112.17328,118017,120639.9241,5.3,5.97,5.26,3.95,5.41,3.44,,0,0,0,0,0,0,0
131,June/14/2014,470454.462,3096,0.006580871,379700,386617.89,5.693333333,124684,123715.71,6.14,255018,272518.47,5.483333333,185819,187040.68,6.153333333,193883,202197.07,5.29,57234,60251.55,41536,42924.99,28589,29155.34,21801,22137.26,155578,159114.95,74965,74716.33,128122,130310.13,255018,5.483333333,1642488,,,131,,,7.06,7.87,7.6,5.68,11.55,3.51,194851,200236.6568,86928,91322.09968,114720,118888.3943,5.25,5.96,5.18,3.91,5.21,3.43,,0,0,0,0,0,0,0
132,June/21/2014,439873.086,19872,0.045176667,383651,381198.96,5.713333333,129646,128779.1,6.123333333,254004,272682.72,5.503333333,189890,187490.3,6.14,193762,197227.02,5.31,56240,57633.78,41273,43194.33,30526,28798.72,21995,21925.85,155413,156662.36,78207,75334.21,128916,129108.66,254004,5.503333333,1642958,,,132,,,7.09,7.94,7.65,5.71,11.39,3.49,197361,196220.6149,87674,87889.07406,116221,116168.0712,5.29,5.99,5.22,3.99,5.55,3.39,,0,0,0,0,0,0,0
133,June/28/2014,472065.072,6552,0.013879442,383541,384632.83,5.653333333,124510,129137.55,6.116666667,259030,272846.98,5.446666667,184637,189468.23,6.126666667,198904,197175.89,5.256666667,57627,56819.52,41213,43514.66,31411,30361.54,22204,22073.91,156354,156522.67,74731,77959.61,129321,129795.33,259030,5.446666667,1643097,,,133,,,7.12,7.98,7.71,5.7,12.19,3.53,194639,198376.8214,85555,88540.0319,116197,117437.6798,5.24,5.88,5.2,3.94,5.73,3.43,,0,0,0,0,0,0,0
134,July/05/2014,166998.28,7704,0.046132212,380761,384537.23,5.613333333,120122,122824.65,6.076666667,260640,273011.23,5.43,180368,187954.82,6.083333333,200393,201532.04,5.243333333,56940,57979.59,41612,45128.33,29299,31075.58,22454,22233.42,155242,157319.32,75214,75144.72,128901,130152.93,260640,5.43,1642922,,,134,,,7.13,7.99,7.7,5.64,11.97,3.62,191970,196038.4971,83559,86744.69816,115535,117439.1254,5.21,5.78,5.17,3.94,5.78,3.51,,0,0,0,0,0,0,0
135,July/12/2014,391081.24,3780,0.009665511,394458,382121.09,5.6,128209,124263.34,6.063333333,266249,273175.49,5.43,190970,184362.03,6.086666667,203489,202829.14,5.216666667,58922,57419.89,42975,44419.99,28937,29371.57,22984,22424.23,160072,156377.9,80567,75535.86,131488,129812.63,266249,5.43,1642464,,,135,,,7.24,8.03,7.68,5.7,11.86,3.67,196345,193745.7022,87567,85054.38845,120970,116910.0215,5.24,5.81,5.13,3.89,5.69,3.55,,0,0,0,0,0,0,0
136,July/19/2014,504822.296,30312,0.060044892,391123,394025.36,5.593333333,127699,124197.84,6.093333333,263424,273339.75,5.416666667,191240,188505.95,6.103333333,199883,205471.95,5.2,58412,59073.33,42203,44322.66,29211,29079.5,23255,22828.73,159144,160466.97,78898,79870.75,130604,132016.08,263424,5.416666667,1641879,,,136,,,7.32,8.15,7.74,5.8,11.85,3.7,190743,193272.8816,86033,88490.61789,121004,121451.0748,5.21,5.79,5.13,3.81,5.53,3.57,,0,0,0,0,0,0,0
137,July/26/2014,486754.61,9408,0.019328014,399758,391126.86,5.616666667,132112,130127.98,6.133333333,267646,273504,5.426666667,198765,191567.55,6.143333333,200993,202502.47,5.206666667,58637,58660.4,44168,45792.66,30562,29300.57,23045,23035.56,161839,159681.33,81507,78519.18,133436,131283.26,267646,5.426666667,1641395,,,137,,,7.28,8.15,7.65,5.62,12.22,3.72,194954,196326.4053,87084,87194.78871,123531,121500.7522,5.18,5.74,5.16,3.73,5.79,3.55,,0,0,0,0,0,0,0
138,Aug/02/2014,537492.838,25380,0.047219234,409350,398631.67,5.546666667,132229,133512.45,5.88,277119,288551.01,5.416666667,200525,195419.57,5.953333333,208823,203482.19,5.21,60249,60807.66,45164,47021.99,29716,30390.59,23767,22875.29,170484,168766.24,79969,80631.97,137239,133693.96,277119,5.416666667,1641239,,,138,,,7.28,8.17,7.68,5.72,12.06,3.66,198584,200536.3592,89215,88106.172,127959,123623.5642,5.18,5.69,5.15,3.9,5.72,3.52,,0,0,0,0,0,0,0
139,Aug/09/2014,444157.87,11448,0.025774619,412833,406968.23,5.55,130439,128521.61,6.043333333,282394,288393.01,5.373333333,198716,198379.91,6.04,214117,210089.29,5.183333333,61019,60033.59,47503,47982.81,31389,29708.01,24090,23426.32,168634,163522.06,80198,79386.48,138318,136926.06,282394,5.373333333,1641638,,,139,,,7.2,8.08,7.59,5.61,12.16,3.63,202239,195796.0205,91123,89939.71757,128691,127327.2141,5.17,5.72,5.08,3.78,5.77,3.54,,0,0,0,0,0,0,0
140,Aug/16/2014,413118.328,10512,0.025445494,404145,409995.35,5.57,125238,125255.11,6.11,278908,273996.77,5.39,191304,197957.55,6.12,212841,214572.72,5.18,58965,59651.72,45409,46524.47,30601,31057.83,23519,23672.84,170125,167715.55,75527,79571.93,135279,137853.83,278908,5.39,1642685,,,140,,,7.11,7.98,7.63,5.61,12.46,3.5,201787,202567.2497,90399,91582.8537,124746,127957.3359,5.18,5.78,5.12,3.77,5.77,3.42,,0,0,0,0,0,0,0
141,Aug/23/2014,558443.238,15984,0.028622426,406777,402444.48,5.566666667,126477,125361.93,6.073333333,280300,274161.02,5.38,193209,193737.51,6.046666667,213569,213554.39,5.193333333,59165,59158.81,46299,46158.47,30179,30422.05,23589,23237.05,168977,168977.83,78569,75789.32,135054,135298.01,280300,5.38,1644237,,,141,,,7.02,7.81,7.65,5.65,12.35,3.42,206058,202178.9607,92153,90978.64622,125160,124698.1475,5.18,5.75,5.16,3.89,5.83,3.36,,0,0,0,0,0,0,0
142,Aug/30/2014,542333.61,18756,0.034583879,415866,404731.99,5.556666667,128307,125116.09,6.053333333,287559,274325.28,5.366666667,196566,192648.16,6.063333333,219301,214214.22,5.176666667,60470,59334.62,46795,46884.14,29724,30081.57,24948,23290.47,174812,168005.93,79119,78252.76,137019,135122.67,287559,5.366666667,1646127,,,142,,,6.98,7.91,7.62,5.52,12.62,3.43,210690,205847.9479,89899,92490.28884,124325,125063.8261,5.09,5.72,5.29,3.86,5.05,3.38,,0,0,0,0,0,0,0
143,Sep/06/2014,617736.818,576,0.000932436,411272,412631.38,5.633333333,123707,129139.53,6.163333333,287566,274489.53,5.433333333,191058,194859.11,6.173333333,220215,219064.44,5.226666667,60095,60426.69,46565,46570.81,30050,29714.47,23933,24327.68,171367,172945.83,79264,78698.15,135114,136799.94,287566,5.433333333,1648187,,,143,,,7.06,7.87,7.54,5.54,11.86,3.59,210292,209827.0508,91104,90579.68482,123366,124390.8585,5.2,5.81,5.36,3.95,5.13,3.51,,0,0,0,0,0,0,0
144,Sep/13/2014,564962.872,15156,0.026826542,409946,373971.96,5.683333333,128094,126649.44,6.236666667,281853,274653.79,5.456666667,195175,193020.64,6.233333333,214771,198191.31,5.24,58822,56405.84,44715,46892.81,29309,27216.72,23483,23553.02,174011,154183.61,79606,72619.23,149230,141930.09,281853,5.456666667,1650242,,,144,,,7.07,7.89,7.56,5.5,11.25,3.59,212631,209485.1503,90575,79733.57973,122487,114957.7129,5.27,5.83,5.46,4.04,5.43,3.52,,0,0,0,0,1,0,0
145,Sep/20/2014,418480.43,17760,0.042439261,602761,561376.42,5.043333333,132930,130999.92,6.23,469831,469830.96,4.736666667,201122,193567.18,6.26,401639,381835.75,4.49,71089,68178.5,54224,54224,40059,37465.22,34848,29513.87,291838,268450.58,110705,102095.79,166425,163107.22,469831,4.736666667,1652070,,,145,,,6.13,5.88,7.52,5.49,11.24,3.62,286663,279070.0282,162504,149829.7703,218624,209593.6066,4.61,4.37,5.48,4.13,5.65,3.55,,0,0,0,0,0,1,0
146,Sep/27/2014,430922.958,15732,0.036507686,586930,545740.93,5.14,129510,129866.03,6.253333333,457422,457421.96,4.856666667,193442,197688.79,6.306666667,393488,369834.67,4.633333333,72174,70352.63,55542,55542,38583,34986.75,34186,32410.38,281150,275703.43,105294,105367.96,159541,155617.28,457422,4.856666667,1653432,,,146,,,6.15,5.89,7.52,5.5,11.99,3.66,277929,269101.2834,158000,153838.8146,213622,202790.957,4.61,4.35,5.53,4.11,5.75,3.58,,0,0,0,0,0,0,0
147,Oct/04/2014,402546.288,13212,0.03282107,532396,556281.28,5.333333333,128794,129501.35,6.236666667,403602,403602.03,5.073333333,173539,177601.68,6.703333333,358856,330604.1,4.776666667,66942,68399.01,51040,48398.14,34482,35522.6,29086,29041.32,259296,252871.88,91551,99018.07,153603,148962.66,403602,5.073333333,1654087,,,147,,,6.37,6.3,7.53,5.45,12.1,3.64,259410,249146.7787,137718,132853.0856,186098,173106.9847,4.81,4.66,5.5,4.21,5.95,3.56,,0,0,0,0,0,0,1
148,Oct/11/2014,579796.442,18684,0.032225103,524652,536074.52,5.42,128110,127099.63,6.316666667,396544,396544.09,5.16,169724,178618.01,6.92,354930,360097.6,4.826666667,66790,67605.51,51463,51463,36512,33553.33,26093,26159.82,258293,265065.07,85504,88020.46,150046,148051.65,396544,5.16,1653820,,,148,,,6.44,6.38,7.5,5.54,12.39,3.66,257718,261738.0408,138246,142685.4726,183610,188786.2166,4.9,4.81,5.49,4.22,5.97,3.6,,0,0,0,0,0,0,0
149,Oct/18/2014,393308.818,33216,0.084452721,443263,456403.53,5.706666667,125103,124252.91,6.49,318161,300648.35,5.423333333,150973,151553.37,7.38,292291,298463.22,5.023333333,61037,62019.38,49045,47022.47,34884,35191.19,25170,25201.56,192603,200591.44,80523,82331.47,143290,147909.97,318161,5.423333333,1652818,,,149,,,6.73,7.03,7.55,5.52,12.74,3.63,223869,228542.8623,108034,113225.0404,145138,151347.2339,5.09,5.24,5.53,4.16,6.01,3.55,,0,0,0,0,0,0,0
150,Oct/25/2014,457935.95,21780,0.047561236,416136,422487.37,5.89,130684,124951.19,6.543333333,285450,275639.32,5.61,190559,187459.27,6.55,225576,252862.26,5.383333333,61186,60966.61,46456,45844.47,34120,33877.68,23767,24497.11,166591,177915.39,84015,80677.93,139224,142209.79,285450,5.61,1651605,,,150,,,6.91,7.36,7.53,5.58,12.59,3.64,214378,215692.4762,98221,101234.7243,130314,134767.7089,5.22,5.55,5.51,4.18,5.92,3.57,,0,0,0,0,0,0,0
151,Nov/01/2014,384067.682,15264,0.039742995,428502,412866.04,5.826666667,126787,130095.36,6.566666667,301715,275803.58,5.53,164661,172422.31,7.043333333,263841,238425.15,5.173333333,61191,61100.12,43579,44630.81,32118,33261.26,26079,23426.32,187165,172538.56,78370,81839,138824,138785.2,301715,5.53,1650714,,,151,,,6.78,7.19,7.49,5.51,12.7,3.61,220243,212995.2139,104092,97797.31973,137648,129542.4336,5.17,5.44,5.5,4.18,5.98,3.51,,0,0,0,0,0,0,0
152,Nov/08/2014,451223.228,9396,0.020823396,421640,423613.52,5.87,126711,129047.48,6.53,294926,275967.84,5.596666667,160857,168317.11,7.203333333,260783,259906.35,5.18,62910,62816.96,47103,45947.81,31828,31646,24355,25190.87,185179,184331.1,70265,75232.99,138902,140924.61,294926,5.596666667,1650679,,,152,,,6.95,7.34,7.44,5.58,12.83,3.64,215391,218033.521,100568,102824.2791,134129,135662.6615,5.25,5.5,5.54,4.2,6.07,3.57,,0,0,0,0,0,0,0
153,Nov/15/2014,454640.394,30720,0.067569887,397210,417649.65,5.923333333,121459,123911.86,6.49,275753,276132.09,5.69,168788,183349.07,6.743333333,228423,242104.31,5.38,58368,61137.69,44435,44919.14,30625,31412.02,22792,23875.09,171908,176241.07,69080,71528.12,129842,136459.42,275753,5.69,1651753,,,153,,,6.94,7.5,7.42,5.55,12.3,3.66,205619,213865.4279,94130,99829.28053,124475,132757.7272,5.28,5.67,5.52,4.14,6.03,3.59,,0,0,0,0,0,0,0
154,Nov/22/2014,377832.278,20304,0.05373813,371751,396417.17,6.056666667,110751,116377.25,6.666666667,261000,276296.35,5.803333333,155395,155908.1,7.016666667,216358,227255.49,5.433333333,55029,56591.07,41916,43187.14,29443,30441.42,21216,22682.19,158497,170487.31,65652,70568.5,127085,130893.57,261000,5.803333333,1653456,,,154,,,7.04,7.63,7.45,5.55,11.71,3.78,196091,205470.8265,86563,94346.15156,111952,124751.0356,5.36,5.9,5.5,3.97,5.98,3.7,,0,0,0,0,0,0,0
155,Nov/29/2014,356558.912,7020,0.019688191,373923,374290.36,6.036666667,109294,111908.01,6.653333333,264629,276460.6,5.81,152168,152540.13,7.103333333,221756,217202.38,5.42,56450,56344.9,42598,43488.81,28642,29487.75,21787,21479.37,158165,159133.58,66282,67792.49,127861,128576.31,264629,5.81,1655190,,,155,,,6.97,7.68,7.5,5.52,11.67,3.63,199064,197285.8324,86322,87899.02148,111260,114358.5344,5.33,5.96,5.5,4.01,5.94,3.58,,0,0,0,0,0,0,0
156,Dec/06/2014,402586.746,10044,0.02494866,379289,376178.08,6.063333333,114233,116609.73,6.63,265057,276624.86,5.85,179653,180836.13,6.593333333,199638,221772.9,5.63,57970,58479.77,42601,43487.08,28633,28841.49,22710,21915.16,155724,158852.51,71655,68302.66,129338,129247.75,265057,5.85,1656359,,,156,,,7.08,7.78,7.54,5.57,11.52,3.67,200795,199839.7774,86495,87707.22547,111446,113804.4831,5.36,6.04,5.38,3.99,5.97,3.61,,0,0,0,0,0,0,0
157,Dec/13/2014,448614.58,8112,0.018082337,388344,380841.75,5.986666667,117133,116713.99,6.49,271211,276789.11,5.813333333,182908,182100.33,6.513333333,205436,203301.34,5.59,57892,58493.21,43170,44907.49,29380,28834.22,23089,24284.28,162350,156785.96,72466,72653.75,130690,130512.2,271211,5.813333333,1656469,,,157,,,7.08,7.82,7.6,5.56,12.35,3.7,200432,201326.7867,87510,87868.92499,115147,113980.561,5.24,5.94,5.13,3.88,5.92,3.63,,0,0,0,0,0,0,0
158,Dec/20/2014,709927.492,5256,0.007403573,427319,441163,5.95,129653,129014,6.54,297666,324276,5.706666667,193679,184262,6.58,233640,247194,5.456666667,60300,61820,46841,51651,30097,31618,29110,30963,184881,192469,76093,73311,137237,141063,297666,5.706666667,1657468.447,,,158,,,7.31,8.07,7.78,5.63,12.76,3.69,210782,215987,91912,96277,128901,128491,5.21,5.76,4.72,3.91,5.87,3.6,,0,0,0,0,0,0,0
159,Dec/27/2014,527124.546,9360,0.017756714,459486,433431,5.883333333,155056,129743,6.34,304430,277118,5.666666667,220757,185839,6.416666667,238730,226434,5.433333333,62687,58902,50731,48272,31181,29483,33386,30892,203056,186955,78448,70988,144598,136229,304430,5.666666667,1658468.498,,,159,,,7.58,8.38,7.84,5.74,13.71,3.82,213403,207482,95538,89822,142090,118708,5.13,5.64,4.52,3.92,5.67,3.63,,0,0,0,0,0,0,0
160,Jan/3/2015,208703.84,7956,0.038121004,387929,389309,6.106666667,127885,120482,6.583333333,260047,277282,5.89,189074,187005,6.623333333,198856,212613,5.68,56431,59296,42592,44565,30099,29520,22379,21926,162471,162467,73960,74548,129121,133245,260047,5.89,1659469.152,,,160,,,7.21,8.07,7.78,5.46,12.91,3.68,199687,201946,89521,90752,120024,120084,5.42,6.02,5,4.38,6.01,3.57,,0,0,0,0,0,0,0
161,Jan/10/2015,213197.286,9216,0.043227567,390639,389550,6.09,123681,120938,6.516666667,266958,277446,5.903333333,189440,188026,6.55,201198,214367,5.696666667,58926,59632,45109,44523,31141,29550,21741,22022,161953,162494,71770,74997,135174,133878,266958,5.903333333,1660470.409,,,161,,,7.16,8.01,7.69,5.49,12.4,3.71,203267,202315,90659,91559,120678,121249,5.43,6.02,5.16,4.38,5.88,3.6,,0,0,0,0,0,0,0
162,Jan/17/2015,427971.75,9504,0.022207073,387326,389760,6.12,123239,124088,6.596666667,264089,277610,5.913333333,190871,188860,6.593333333,196455,215887,5.703333333,58137,59921,44478,44187,31177,29574,21009,22094,160492,162518,72038,75360,133791,134427,264089,5.913333333,1661472.271,,,162,,,7.18,8.01,7.69,5.47,12.75,3.69,203504,202633,88934,92263,117796,122240,5.47,6.05,5.12,4.48,5.92,3.58,,0,0,0,0,0,0,0
163,Jan/24/2015,519368.918,7488,0.014417497,390948,389942,6.1,123143,121433,6.613333333,267805,277775,5.896666667,189594,189560,6.57,201353,217209,5.706666667,58553,60171,43848,44801,31335,29593,20647,22150,161522,162537,75044,75654,133736,134907,267805,5.896666667,1662474.737,,,163,,,7.21,7.99,7.61,5.48,13.14,3.71,204588,202906,90127,92878,119256,123085,5.48,6.04,5.18,4.28,6.06,3.63,,0,0,0,0,0,0,0
164,Jan/31/2015,392996.888,9720,0.02473302,382986,390100,6.07,119027,122225,6.566666667,263960,277939,5.87,184199,190142,6.536666667,198788,218367,5.686666667,58097,60388,42685,45943,30589,29609,20046,22192,157129,162554,74440,75892,131373,135329,263960,5.87,1663477.808,,,164,,,7.17,7.91,7.65,5.54,12.91,3.72,199269,203140,87409,93417,116723,123809,5.41,5.93,5.16,4.3,5.97,3.63,,0,0,0,0,0,0,0
165,Feb/7/2015,420573.32,8784,0.020885776,383289,390238,6.096666667,121833,124071,6.656666667,261456,278103,5.883333333,188378,190627,6.583333333,194912,219387,5.706666667,58062,60578,43484,44722,30824,29622,19056,22224,155377,162568,76485,76085,132372,135700,261456,5.883333333,1664481.485,,,165,,,7.24,8,7.63,5.55,12.86,3.74,200089,203341,86829,93891,116077,124433,5.46,5.98,5.24,4.31,5.89,3.66,,0,0,0,0,0,0,0
166,Feb/14/2015,393875.28,4500,0.011424936,386170,390358,6.056666667,124864,120062,6.486666667,261305,278267,5.91,190913,191031,6.52,195258,220291,5.69,59582,60745,43446,42902,29793,29632,20389,22249,157766,162580,75194,76241,132821,136029,261305,5.91,1665485.767,,,166,,,7.2,8.05,7.62,5.56,12.12,3.69,201319,203514,86912,94310,116944,124973,5.43,5.98,5.21,4.27,5.86,3.6,,0,0,0,0,0,0,0
167,Feb/21/2015,379499.378,8820,0.023241145,383007,390462,6.113333333,125057,120804,6.606666667,257951,278432,5.903333333,192552,191368,6.57,190456,221098,5.706666667,59680,60894,42669,42897,30391,29640,19522,22268,154937,162591,75808,76368,132741,136322,257951,5.903333333,1666490.654,,,167,,,7.28,8.08,7.62,5.49,11.23,3.81,199316,203663,89005,94682,118766,125443,5.54,6.05,5.22,4.36,5.93,3.7,,0,0,0,0,0,0,0
168,Feb/28/2015,365123.476,6864,0.01879912,391307,403460,6.186666667,128867,124613,6.65,262441,278596,5.973333333,198089,191649,6.66,193217,221825,5.766666667,59346,61028,41975,44790,29519,29647,21583,22282,161391,168957,77492,76470,130840,136585,262441,5.973333333,1667496.149,,,168,,,7.32,8.08,7.65,5.49,12.09,3.73,202551,203790,91909,95013,122370,125856,5.56,6.07,5.31,4.47,5.59,3.62,,0,0,0,0,0,0,0
169,Mar/7/2015,334467.926,5220,0.015606878,405425,405485,6.173333333,129452,128563,6.64,275973,278760,5.966666667,200704,191883,6.64,204722,222483,5.78,62054,61148,43221,45143,30670,29652,22259,22293,166897,170519,80324,76553,135944,136823,275973,5.966666667,1668502.249,,,169,,,7.31,8.03,7.68,5.5,11.92,3.7,208926,203900,96106,95310,127626,126220,5.53,6.05,5.36,4.45,5.38,3.59,,0,0,0,0,0,0,0
170,Mar/14/2015,333140.928,4680,0.014048109,405170,390699,6.143333333,129011,120012,6.62,276159,278924,5.923333333,196441,192078,6.636666667,208728,223084,5.716666667,61296,61258,44402,43768,31876,29657,22963,22301,168864,162613,75771,76620,137574,137039,276159,5.923333333,1669508.957,,,170,,,7.27,8.02,7.76,5.53,9.8,3.72,208829,196747,94206,95577,125163,126545,5.46,6.04,5.38,4.45,4.54,3.59,,0,0,0,0,0,0,0
171,Mar/21/2015,489787.594,4680,0.009555162,426242,390758,6.166666667,134086,120635,6.74,292156,279089,5.89,202309,192240,6.68,223933,236034,5.716666667,64811,61359,45438,43393,32429,29660,22200,22308,178631,162618,82734,76675,142679,137237,292156,5.89,1670516.272,,,171,,,7.25,7.87,7.77,5.53,9.99,3.71,218159,204075,103433,102532,135743,126836,5.48,6,5.38,4.49,4.55,3.6,,0,0,0,0,0,0,0
172,Mar/28/2015,576557.848,6864,0.011905137,427341,390810,6.126666667,136499,125110,6.616666667,290841,279253,5.876666667,205924,192375,6.603333333,221417,235727,5.706666667,64269,61453,46112,42735,32515,29663,23228,22313,178501,162622,82718,76719,142897,137419,290841,5.876666667,1671524.195,,,172,,,7.24,7.8,7.72,5.5,11.3,3.69,219608,204144,104532,103159,137000,127100,5.51,5.95,5.44,4.46,5.36,3.57,,0,0,0,0,0,0,0
173,Apr/4/2015,523221.352,21696,0.041466198,425949,390855,6.066666667,136684,128515,6.513333333,289265,279417,5.836666667,205396,192488,6.49,220552,234523,5.693333333,66528,62724,46348,44511,32704,29665,23132,22316,170422,162626,86817,76754,145578,137588,289265,5.836666667,1672532.727,,,173,,,7.22,7.76,7.66,5.48,11.86,3.72,217467,209760,103088,102291,136791,127340,5.47,5.85,5.48,4.45,5.33,3.59,,0,0,0,0,0,0,0
174,Apr/11/2015,519529.822,28872,0.055573326,413457,390894,6.073333333,135646,126100,6.45,277810,279581,5.826666667,201482,183260,6.463333333,211973,225086,5.686666667,65432,61624,46022,43212,31804,29667,22554,22319,165949,162629,81696,76783,143258,137746,277810,5.826666667,1673541.866,,,174,,,7.24,7.77,7.61,5.45,11.61,3.72,210504,204255,98436,96430,131580,127562,5.45,5.81,5.4,4.43,5.41,3.55,,0,0,0,0,0,0,0
175,Apr/18/2015,257079.152,22500,0.087521683,420120,390928,6.093333333,136096,126966,6.483333333,284022,279746,5.833333333,200899,192660,6.47,219220,225515,5.716666667,65860,61702,45747,43406,32294,29668,22836,22321,171209,162632,82174,76807,143902,137895,284022,5.833333333,1674551.615,,,175,,,7.1,7.49,7.56,5.48,11.27,3.77,216131,204299,105472,96604,135333,127768,5.42,5.84,5.32,4.26,5.28,3.63,,0,0,0,0,0,0,0
176,Apr/25/2015,568639.188,18360,0.032287609,417035,390957,6.053333333,141650,121844,6.376666667,275386,279910,5.856666667,207179,192725,6.426666667,209857,225925,5.71,65297,61777,47889,43425,32037,29670,21930,22323,169160,162634,80725,73813,145223,138036,275386,5.856666667,1675561.973,,,176,,,7.12,7.5,7.5,5.45,11.56,3.65,212286,204337,103435,96766,134556,127960,5.39,5.77,5.3,4.15,5.47,3.53,,0,0,0,0,0,0,0
177,May/2/2015,418336.588,19008,0.045437097,411017,390983,6.113333333,138003,123379,6.436666667,273014,280074,5.883333333,206185,192780,6.5,204834,226318,5.716666667,62777,61849,47542,43786,31552,29671,22774,22324,167633,162636,78742,76841,141868,138170,273014,5.883333333,1676572.94,,,177,,,7.15,7.61,7.61,5.53,11.3,3.65,213195,204370,98711,96918,128500,128141,5.44,5.84,5.43,4.22,5.63,3.51,,0,0,0,0,0,0,0
178,May/9/2015,401878.046,21696,0.053986527,396228,391005,6.046666667,134448,123175,6.36,261780,280238,5.88,198262,192825,6.433333333,197968,226698,5.703333333,60049,61919,46261,42503,31582,29671,20844,22325,161681,162638,75816,76853,137891,138298,261780,5.88,1677584.517,,,178,,,7.11,7.69,7.51,5.34,11.35,3.75,206335,204398,93354,97063,123717,128314,5.42,5.8,5.39,4.22,5.7,3.65,,0,0,0,0,0,0,0
179,May/16/2015,420244.754,24984,0.059451069,389741,391024,6.07,132066,127226,6.446666667,257677,280403,5.836666667,195356,192863,6.456666667,194385,227066,5.68,60258,61987,43866,43345,30942,30705,20607,22326,159362,162639,74708,76863,135068,138422,257677,5.836666667,1678596.705,,,179,,,7.16,7.86,7.5,5.38,11.48,3.75,202471,204422,88952,97200,119946,128478,5.41,5.83,5.38,4.18,5.84,3.61,,0,0,0,0,0,0,0
180,May/23/2015,529114.886,5040,0.009525342,382542,391041,6.063333333,131308,123946,6.416666667,251232,280567,5.866666667,193125,192894,6.48,189417,227424,5.68,59158,62053,43583,43531,30621,29673,20154,22326,153233,162640,75794,76872,133360,138542,251232,5.866666667,1679609.504,,,180,,,7.17,7.94,7.6,5.46,12.29,3.69,197483,204442,86452,97331,117412,128637,5.38,5.85,5.32,4.18,5.84,3.6,,0,0,0,0,0,0,0
181,May/30/2015,427025.568,5004,0.011718268,386258,391056,6.073333333,134563,124087,6.473333333,251695,280731,5.873333333,198182,192920,6.47,188077,227775,5.713333333,56704,62118,44720,43517,29267,29673,20694,22327,152314,162641,82559,76878,130691,138658,251695,5.873333333,1680622.913,,,181,,,7.16,7.85,7.73,5.49,12.14,3.71,200333,204460,88960,97457,119661,128790,5.42,5.84,5.44,4.2,5.99,3.62,,0,0,0,0,0,0,0
182,June/6/2015,441089.608,5328,0.012079178,397783,391068,6.143333333,138939,125921,6.55,258843,280896,5.873333333,204630,192942,6.536666667,193152,228118,5.72,58545,62182,45590,43180,29775,29673,21692,22327,159927,162642,82253,76884,133909,138771,258843,5.873333333,1681636.934,,,182,,,7.16,7.78,7.61,5.56,12.16,3.66,208784,204475,93836,97578,122939,128938,5.48,5.94,5.44,4.28,5.92,3.6,,0,0,0,0,0,0,0
183,June/13/2015,353249.916,18000,0.050955426,396908,391079,6.186666667,132485,122853,6.683333333,264423,281060,5.89,198915,192960,6.646666667,197992,228456,5.703333333,57405,62245,45271,42795,31128,29674,22141,22327,163325,162643,77636,76888,133804,138882,264423,5.89,1682651.567,,,183,,,7.03,7.96,7.5,4.93,12,3.63,214175,204488,91495,97696,120680,129083,5.49,6.04,5.39,4.3,5.97,3.55,,0,0,0,0,0,0,0
184,June/20/2015,484095.948,31296,0.064648341,391837,391089,6.14,128055,126846,6.703333333,263784,281224,5.856666667,192144,192975,6.623333333,199692,228789,5.67,58424,62307,44475,43064,32122,29674,21922,22328,160143,162643,74756,76891,135018,138991,263784,5.856666667,1683666.812,,,184,,,7.09,8.03,7.53,4.91,12.25,3.7,209117,204499,88072,97810,117989,129225,5.46,5.99,5.34,4.26,5.74,3.6,,0,0,0,0,0,0,0
185,June/27/2015,463793.464,42084,0.090738666,392224,391097,6.07,130023,129586,6.576666667,262202,281388,5.833333333,194992,192988,6.53,197232,229118,5.64,57395,62369,46226,43385,32735,29674,23616,22328,160376,162644,71879,76894,136357,139098,262202,5.833333333,1684682.669,,,185,,,7.13,8.03,7.76,5.01,12.41,3.68,206204,204509,87569,97922,118997,129365,5.42,5.91,5.39,4.27,5.75,3.58,,0,0,0,0,0,0,0
186,July/4/2015,443490.98,24480,0.055198417,399625,391104,6.01,132577,128710,6.503333333,267047,281553,5.79,195731,192998,6.47,203893,229444,5.596666667,57631,62430,46020,44998,32438,29674,23404,22328,164757,162644,75375,76896,136090,139203,267047,5.79,1685699.14,,,186,,,7.11,8.04,7.61,4.98,12.69,3.67,207620,204517,87538,98032,120519,129502,5.33,5.84,5.3,4.2,5.26,3.59,,0,0,0,0,0,0,0
187,July/11/2015,454866.026,45828,0.100750545,390660,391111,5.993333333,127026,128765,6.503333333,263634,281717,5.753333333,189113,193007,6.446666667,201548,229767,5.57,57269,62490,43653,44290,30862,29674,22680,22328,158560,162645,77636,76898,131784,139307,263634,5.753333333,1686716.224,,,187,,,7.2,8.04,7.61,5.09,12.42,3.76,198871,204524,84354,98139,118280,129638,5.3,5.73,5.22,4.16,5.37,3.64,,0,0,0,0,0,0,0
188,July/18/2015,573052.52,17640,0.030782519,392806,391116,5.966666667,130994,122006,6.43,261814,281881,5.756666667,193466,193015,6.443333333,199341,230088,5.546666667,57500,62550,44666,44193,30142,29674,22611,22328,161124,162645,76766,76900,132306,139411,261814,5.756666667,1687733.921,,,188,,,7.31,8.11,7.57,5.17,12.66,3.81,196210,200299,83917,98245,119016,129772,5.28,5.72,5.2,4.04,5.25,3.66,,0,0,0,0,0,0,0
189,July/25/2015,691239.014,7488,0.010832722,400086,391121,5.94,135841,124546,6.306666667,264245,282045,5.756666667,200632,193021,6.35,199453,230407,5.556666667,59714,62610,46664,45663,29971,29674,23559,22328,162765,162645,77412,76901,136350,139513,264245,5.756666667,1688752.232,,,189,,,7.31,8.12,7.51,5.17,12.52,3.89,196843,204536,85195,98349,121307,129905,5.2,5.7,5.19,3.98,5.5,3.39,,0,0,0,0,0,0,0
190,Aug/1/2015,564613.3627,20160,0.03570585,404771,391125,5.91,140023,128485,6.273333333,264749,297092,5.71,204593,193026,6.35,200180,230724,5.51,60295,64620,47205,46892,29693,29674,23964,22328,167314,169449,76303,76902,137190,139614,264749,5.71,1689771.158,,,190,,,7.29,8.1,7.41,5.31,12.41,3.88,197527,208768,84935,98452,122130,130037,5.13,5.63,5.21,3.9,5.67,3.28,,0,0,0,0,0,0,0
191,Aug/8/2015,437987.7113,7740,0.017671729,413672,391129,5.94,141559,126114,6.24,272113,296934,5.783333333,208053,193030,6.293333333,205620,231040,5.61,60108,64176,48508,47853,30325,29674,24228,22328,173682,162646,76821,76903,138942,139715,272113,5.783333333,1690790.699,,,191,,,7.3,8.06,7.67,5.45,11.55,3.89,200477,204544,90095,98554,127818,130168,5.16,5.68,5.11,3.97,5.65,3.3,,0,0,0,0,0,0,0
192,Aug/15/2015,311362.06,12060,0.038733043,418760,391132,5.946666667,148849,122718,6.253333333,269912,282538,5.803333333,213356,193033,6.283333333,205404,231355,5.633333333,60085,62788,48241,46394,30130,29674,23781,22328,179810,162646,76716,76903,138455,139815,269912,5.803333333,1691810.855,,,192,,,7.23,7.97,7.31,5.45,11.58,3.87,206047,204547,92419,98655,128096,130299,5.17,5.75,4.96,3.98,5.82,3.22,,0,0,0,0,0,0,0
193,Aug/22/2015,422759.66,5952,0.014078921,413133,391134,5.933333333,142175,122363,6.283333333,270958,282702,5.796666667,207329,193036,6.263333333,205804,231668,5.65,60791,62847,48011,46028,30956,29675,23222,22328,174550,162646,75604,76904,139759,139915,270958,5.796666667,1692831.626,,,193,,,7.19,7.87,7.29,5.49,11.64,3.79,205549,204550,93344,98755,128046,130429,5.22,5.74,4.97,3.98,6,3.37,,0,0,0,0,0,0,0
194,Aug/29/2015,534157.26,3960,0.007413547,418650,391137,5.99,146302,121838,6.363333333,272345,282867,5.826666667,210189,193039,6.37,208461,231981,5.653333333,60436,62906,49078,46754,31316,29675,25111,22328,178077,162646,74631,76904,140830,140015,272345,5.826666667,1693853.013,,,194,,,7.19,7.94,7.34,5.56,11.76,3.73,210719,204553,94553,98854,129724,130558,5.28,5.78,5.06,4.08,6.07,3.41,,0,0,0,0,0,0,0
195,Sep/5/2015,535439.916,3924,0.007328553,430352,391139,5.98,147261,127561,6.346666667,283092,283031,5.853333333,214199,193041,6.313333333,216153,232293,5.696666667,60601,62965,50381,46441,32116,29675,26243,22328,181301,162646,79712,76905,143098,140114,283092,5.853333333,1694875.017,,,195,,,7.16,7.93,7.54,5.56,11.6,3.7,220236,204555,97056,98953,132446,130687,5.33,5.81,5.22,4.13,6.09,3.5,,0,0,0,0,0,0,0
196,Sep/12/2015,536722.572,34752,0.064748535,422360,421604,6.03,143350,128695,6.37,279008,283195,5.86,210266,193043,6.39,212095,251985,5.68,59349,66547,48330,46763,31519,29675,25657,22328,178671,177698,78834,90272,139197,146940,279008,5.86,1695897.637,,,196,,,7.11,7.83,7.52,5.52,11.43,3.68,217359,204557,96902,99052,130693,141005,5.34,5.81,5.23,4.09,6.05,3.54,,0,0,0,0,0,0,0
197,Sep/19/2015,543980.14,24264,0.04460457,544912,514903,5.483333333,145274,130710,6.316666667,399638,389135,5.19,210983,175171,6.366666667,333928,338007,4.946666667,69768,69096,58389,47785,39292,35533,31476,28633,249804,245414,96184,94891,167447,147134,399638,5.19,1696920.874,,,197,,,6.5,6.38,7.55,5.55,11.77,3.67,262926,246515,141615,147643,191393,180723,4.86,4.72,5.41,4.06,6.2,3.55,,0,0,0,0,0,0,0
198,Sep/26/2015,551237.708,27360,0.04963376,525472,469382,5.533333333,140328,128029,6.39,385144,342796,5.213333333,206369,179327,6.38,319104,326871,4.986666667,70181,69218,56864,47663,39647,31335,29909,27667,234984,194552,93888,92561,166691,145851,385144,5.213333333,1697944.728,,,198,,,6.57,6.43,7.76,5.59,11.62,3.67,253989,230999,136253,125605,184480,154953,4.93,4.75,5.55,4.23,6.12,3.56,,0,0,0,0,0,0,0
199,Oct/3/2015,479400.532,18000,0.037546892,465364,454119,5.796666667,144066,128811,6.426666667,321298,319703,5.516666667,188908,193046,6.89,276457,301273,5.126666667,66108,66466,52098,48268,32239,29675,28919,24066,204190,214988,81814,88707,150443,143880,321298,5.516666667,1698969.201,,,199,,,6.87,7.07,7.74,5.51,11.62,3.63,235247,230841,112666,119814,151437,160475,5.19,5.26,5.53,4.22,6.03,3.53,,0,0,0,0,0,0,0
200,Oct/10/2015,,,,445337,417389,5.923333333,143544,127005,6.49,301796,283852,5.643333333,186380,193047,6.916666667,258960,279343,5.25,62634,63258,47887,45215,31943,29675,23979,22328,198665,178316,80230,85718,142464,140606,301796,5.643333333,1699994.291,,,200,,,6.99,7.28,7.78,5.6,10.97,3.64,229315,215071,106444,107762,142027,143963,5.32,5.45,5.53,4.36,6.06,3.56,,0,0,0,0,0,0,0
201,Oct/17/2015,,,,427251,407203,6.023333333,141327,122760,6.573333333,285924,309190,5.713333333,187536,193048,6.856666667,239714,267207,5.36,58640,63316,46064,46892,31448,29675,23618,22328,188252,174568,79226,82504,136155,140704,285924,5.713333333,1701020,,,201,,,7.09,7.53,7.33,5.71,10.88,3.78,221940,210914,98961,105310,132823,139971,5.39,5.61,5.15,4.48,6.16,3.71,,0,0,0,0,0,0,0
